time,GPS_lat,GPS_long,accelx,accely,accelz
1552636967.519623,0,0,0.003980,0.006437,0.100842
1552636967.537427,0,0,0.003931,0.006536,0.100917
1552636967.555416,0,0,0.003931,0.006536,0.100743
1552636967.586367,0,0,0.003906,0.006536,0.100867
1552636967.604385,0,0,0.003881,0.006462,0.101090
1552636967.641613,0,0,0.004030,0.012651,0.100917
1552636967.677634,0,0,0.004079,0.006586,0.100941
1552636967.695458,0,0,0.003980,0.006586,0.101016
1552636967.712655,0,0,0.004055,0.006610,0.100917
1552636967.729929,0,0,0.003980,0.006511,0.100867
1552636967.747542,0,0,0.004005,0.006412,0.100941
1552636967.764787,0,0,0.004005,0.006388,0.100767
1552636967.782618,0,0,0.003980,0.006511,0.100991
1552636967.819493,0,0,0.004055,0.006412,0.100792
1552636967.837555,0,0,0.003980,0.006412,0.100941
1552636967.855520,0,0,0.004005,0.006561,0.100767
1552636967.873941,0,0,0.004055,0.006586,0.100966
1552636967.891823,0,0,0.003906,0.006536,0.100917
1552636967.909729,0,0,0.004030,0.006536,0.100792
1552636967.927920,0,0,0.003931,0.006462,0.100817
1552636967.949162,0,0,0.004030,0.006388,0.100842
1552636967.985314,0,0,0.003980,0.006412,0.101041
1552636968.020894,0,0,0.004055,0.006610,0.101041
1552636968.039090,0,0,0.004153,0.006586,0.100892
1552636968.056960,0,0,0.003832,0.006561,0.100569
1552636968.074782,0,0,0.003931,0.006536,0.100792
1552636968.092977,0,0,0.003881,0.006462,0.100892
1552636968.110937,0,0,0.004153,0.006660,0.100892
1552636968.129866,0,0,0.003931,0.006388,0.101016
1552636968.185194,0,0,0.003980,0.006685,0.100693
1552636968.221737,0,0,0.003906,0.006412,0.100743
1552636968.241539,0,0,0.004055,0.006363,0.101140
1552636968.259964,0,0,0.003956,0.006536,0.101016
1552636968.278822,0,0,0.003980,0.006635,0.100842
1552636968.298456,0,0,0.004030,0.006511,0.100991
1552636968.316598,0,0,0.004055,0.006511,0.100817
1552636968.337011,0,0,0.003931,0.006536,0.100842
1552636968.390222,0,0,0.003881,0.006487,0.100792
1552636968.426764,0,0,0.003931,0.006487,0.100941
1552636968.446470,0,0,0.004030,0.006511,0.100867
1552636968.464913,0,0,0.004129,0.006561,0.100917
1552636968.484443,0,0,0.004079,0.006462,0.100743
1552636968.503977,0,0,0.003906,0.006437,0.101115
1552636968.521641,0,0,0.003980,0.006511,0.100643
1552636968.539086,0,0,0.004104,0.006487,0.100718
1552636968.583369,0,0,0.004178,0.006511,0.100941
1552636968.600763,0,0,0.004005,0.006511,0.100718
1552636968.618062,0,0,0.003980,0.006511,0.100718
1552636968.635551,0,0,0.004030,0.006586,0.100643
1552636968.654664,0,0,0.003807,0.006462,0.100842
1552636968.673206,0,0,0.003980,0.006462,0.100892
1552636968.691921,0,0,0.003956,0.006388,0.100718
1552636968.743546,0,0,0.003931,0.006437,0.100966
1552636968.778466,0,0,0.004104,0.006313,0.100817
1552636968.796239,0,0,0.004104,0.006685,0.101115
1552636968.813607,0,0,0.003906,0.006883,0.100917
1552636968.830968,0,0,0.004030,0.006858,0.100817
1552636968.848266,0,0,0.003980,0.006709,0.100767
1552636968.865558,0,0,0.004153,0.006462,0.100941
1552636968.883421,0,0,0.004005,0.006363,0.100892
1552636968.919786,0,0,0.004203,0.006660,0.101090
1552636968.937262,0,0,0.003956,0.006239,0.101016
1552636968.954652,0,0,0.003931,0.006536,0.100469
1552636968.972032,0,0,0.003783,0.006759,0.100519
1552636968.989413,0,0,0.003807,0.006709,0.100817
1552636969.006754,0,0,0.003906,0.006412,0.101041
1552636969.024032,0,0,0.004030,0.006586,0.100867
1552636969.041816,0,0,0.004302,0.006685,0.100917
1552636969.059500,0,0,0.004153,0.000223,0.101115
1552636969.103389,0,0,0.004079,0.006487,0.100718
1552636969.120960,0,0,0.003980,0.000223,0.100842
1552636969.138252,0,0,0.003980,0.000025,0.100991
1552636969.155548,0,0,0.004055,0.012651,0.100842
1552636969.172813,0,0,0.003881,0.006437,0.100941
1552636969.190078,0,0,0.004104,0.006487,0.100892
1552636969.207850,0,0,0.004005,0.006536,0.100941
1552636969.264713,0,0,0.003931,0.006685,0.100792
1552636969.300555,0,0,0.004055,0.006487,0.101066
1552636969.319645,0,0,0.004055,0.006462,0.101041
1552636969.337687,0,0,0.004153,0.006685,0.100966
1552636969.355645,0,0,0.004153,0.006487,0.100917
1552636969.373652,0,0,0.004030,0.006586,0.100892
1552636969.391656,0,0,0.003881,0.006511,0.100817
1552636969.410533,0,0,0.004030,0.006437,0.100941
1552636969.451829,0,0,0.003956,0.006610,0.101041
1552636969.469947,0,0,0.004079,0.006660,0.100767
1552636969.487987,0,0,0.003881,0.006462,0.100817
1552636969.506021,0,0,0.004055,0.006536,0.100917
1552636969.524041,0,0,0.004079,0.006610,0.100842
1552636969.541993,0,0,0.004030,0.006511,0.100767
1552636969.563392,0,0,0.004005,0.006511,0.100991
1552636969.599442,0,0,0.003980,0.006561,0.100792
1552636969.617676,0,0,0.004030,0.006536,0.101090
1552636969.646124,0,0,0.004030,0.006610,0.100867
1552636969.664729,0,0,0.004252,0.006412,0.100743
1552636969.682676,0,0,0.004104,0.006412,0.100867
1552636969.700611,0,0,0.004030,0.006561,0.101041
1552636969.718696,0,0,0.004030,0.006437,0.100817
1552636969.739617,0,0,0.004055,0.006610,0.100892
1552636969.784153,0,0,0.003980,0.006586,0.100867
1552636969.804133,0,0,0.004055,0.006635,0.100966
1552636969.824324,0,0,0.004030,0.006536,0.100792
1552636969.842968,0,0,0.004005,0.006561,0.100792
1552636969.860974,0,0,0.003980,0.006462,0.100842
1552636969.878820,0,0,0.004005,0.006437,0.100767
1552636969.896749,0,0,0.004129,0.006586,0.100867
1552636969.919748,0,0,0.004005,0.006561,0.100792
1552636969.965720,0,0,0.004055,0.006586,0.100892
1552636970.002343,0,0,0.004030,0.006437,0.100792
1552636970.022794,0,0,0.004055,0.006511,0.100917
1552636970.041505,0,0,0.004005,0.006536,0.100941
1552636970.060443,0,0,0.003906,0.006586,0.100792
1552636970.079873,0,0,0.004079,0.006586,0.100867
1552636970.099223,0,0,0.004104,0.006536,0.100668
1552636970.120987,0,0,0.004079,0.006511,0.100817
1552636970.164568,0,0,0.003931,0.006536,0.100842
1552636970.183880,0,0,0.004178,0.006635,0.100867
1552636970.202907,0,0,0.004005,0.006462,0.100867
1552636970.221692,0,0,0.004005,0.006536,0.100842
1552636970.241408,0,0,0.003980,0.006437,0.100917
1552636970.260142,0,0,0.004005,0.006536,0.100767
1552636970.308476,0,0,0.004055,0.006462,0.101066
1552636970.347280,0,0,0.004129,0.006685,0.100991
1552636970.368703,0,0,0.004129,0.006511,0.100792
1552636970.389287,0,0,0.004055,0.006586,0.100966
1552636970.410058,0,0,0.004104,0.006610,0.100917
1552636970.429586,0,0,0.004030,0.006511,0.100668
1552636970.456340,0,0,0.004055,0.006586,0.100767
1552636970.476121,0,0,0.004104,0.006487,0.101016
1552636970.514787,0,0,0.004153,0.006462,0.100892
1552636970.537003,0,0,0.004079,0.006586,0.100892
1552636970.560015,0,0,0.004055,0.006462,0.100917
1552636970.579592,0,0,0.004079,0.006685,0.101016
1552636970.598766,0,0,0.004005,0.006536,0.100892
1552636970.641891,0,0,0.004104,0.006536,0.100991
1552636970.680545,0,0,0.004203,0.006487,0.100917
1552636970.699783,0,0,0.003980,0.006685,0.100743
1552636970.718401,0,0,0.004104,0.006536,0.100867
1552636970.736407,0,0,0.004030,0.006511,0.100966
1552636970.755064,0,0,0.004079,0.006487,0.100842
1552636970.773535,0,0,0.004203,0.006536,0.100842
1552636970.792221,0,0,0.004129,0.006511,0.100767
1552636970.845005,0,0,0.003956,0.006511,0.100842
1552636970.881477,0,0,0.004055,0.006511,0.100842
1552636970.901805,0,0,0.004104,0.006462,0.100767
1552636970.920435,0,0,0.004030,0.006487,0.100892
1552636970.939542,0,0,0.004104,0.006511,0.100767
1552636970.959402,0,0,0.004104,0.006561,0.100892
1552636970.978636,0,0,0.004005,0.006412,0.100991
1552636971.003343,0,0,0.004055,0.006536,0.100767
1552636971.053989,0,0,0.003956,0.006561,0.100941
1552636971.075711,0,0,0.004055,0.006487,0.100966
1552636971.101949,0,0,0.004203,0.006561,0.100917
1552636971.126094,0,0,0.003980,0.006660,0.100718
1552636971.146086,0,0,0.004030,0.006487,0.100892
1552636971.199346,0,0,0.004079,0.006660,0.100941
1552636971.237590,0,0,0.003956,0.006635,0.100593
1552636971.279593,0,0,0.003980,0.006289,0.100941
1552636971.309202,0,0,0.004129,0.006586,0.100743
1552636971.329530,0,0,0.004104,0.006561,0.100991
1552636971.348645,0,0,0.003881,0.006536,0.100693
1552636971.404047,0,0,0.004030,0.006759,0.100693
1552636971.453808,0,0,0.004030,0.006511,0.100991
1552636971.473485,0,0,0.004005,0.006561,0.100867
1552636971.499822,0,0,0.003906,0.006610,0.101016
1552636971.557350,0,0,0.004203,0.006586,0.101066
1552636971.624981,0,0,0.004104,0.006388,0.101016
1552636971.661313,0,0,0.004104,0.006536,0.100743
1552636971.715503,0,0,0.004005,0.006536,0.100966
1552636971.734509,0,0,0.004178,0.006561,0.100917
1552636971.754222,0,0,0.004055,0.006462,0.100867
1552636971.789762,0,0,0.004104,0.006635,0.101115
1552636971.826287,0,0,0.004129,0.006487,0.101041
1552636971.864922,0,0,0.004079,0.006511,0.100842
1552636971.924739,0,0,0.004055,0.006462,0.100867
1552636971.968386,0,0,0.003931,0.006462,0.100941
1552636971.989945,0,0,0.004079,0.006511,0.100817
1552636972.010204,0,0,0.004203,0.006536,0.100941
1552636972.034813,0,0,0.003956,0.006511,0.100842
1552636972.054458,0,0,0.004104,0.006561,0.100842
1552636972.079018,0,0,0.004079,0.006586,0.101041
1552636972.130338,0,0,0.004079,0.006511,0.100767
1552636972.153025,0,0,0.003956,0.006462,0.100718
1552636972.174405,0,0,0.004030,0.006536,0.100867
1552636972.195178,0,0,0.004005,0.006610,0.100917
1552636972.215595,0,0,0.004153,0.006487,0.100842
1552636972.243464,0,0,0.004055,0.006487,0.100817
1552636972.287873,0,0,0.004277,0.006536,0.100718
1552636972.323621,0,0,0.004030,0.006487,0.100966
1552636972.341651,0,0,0.004055,0.006734,0.101016
1552636972.362776,0,0,0.004055,0.006536,0.100917
1552636972.381505,0,0,0.004005,0.006511,0.100817
1552636972.403036,0,0,0.004005,0.006586,0.100668
1552636972.455112,0,0,0.003956,0.006586,0.101016
1552636972.499943,0,0,0.004005,0.006437,0.100718
1552636972.519868,0,0,0.004030,0.006635,0.100767
1552636972.568359,0,0,0.004055,0.006487,0.101016
1552636972.587237,0,0,0.004104,0.006437,0.101090
1552636972.606837,0,0,0.004030,0.006586,0.100917
1552636972.628295,0,0,0.003931,0.006511,0.100966
1552636972.650774,0,0,0.004055,0.006536,0.100867
1552636972.691175,0,0,0.004005,0.006363,0.100917
1552636972.746649,0,0,0.004030,0.006487,0.100817
1552636972.765701,0,0,0.004030,0.006511,0.100892
1552636972.784237,0,0,0.004055,0.006610,0.100892
1552636972.803105,0,0,0.004030,0.006487,0.100792
1552636972.821822,0,0,0.004030,0.006586,0.100817
1552636972.840275,0,0,0.004055,0.006412,0.100743
1552636972.860562,0,0,0.004079,0.006586,0.100718
1552636972.915105,0,0,0.004129,0.006511,0.100867
1552636972.950909,0,0,0.004030,0.006437,0.101041
1552636972.970244,0,0,0.004129,0.006586,0.100867
1552636972.989000,0,0,0.004055,0.006462,0.100817
1552636973.008922,0,0,0.004104,0.006487,0.100941
1552636973.029041,0,0,0.004129,0.006536,0.100792
1552636973.047336,0,0,0.004030,0.006536,0.100867
1552636973.066239,0,0,0.004203,0.006561,0.100842
1552636973.102588,0,0,0.003931,0.006610,0.100842
1552636973.120527,0,0,0.004104,0.006536,0.101066
1552636973.140173,0,0,0.004055,0.006685,0.101041
1552636973.158526,0,0,0.004153,0.006610,0.100917
1552636973.176681,0,0,0.004055,0.006561,0.100842
1552636973.196028,0,0,0.004030,0.006561,0.100917
1552636973.222127,0,0,0.003956,0.006487,0.100941
1552636973.263897,0,0,0.004079,0.006561,0.101041
1552636973.281903,0,0,0.004030,0.006561,0.100867
1552636973.299740,0,0,0.004005,0.006437,0.100842
1552636973.319374,0,0,0.004005,0.006511,0.100892
1552636973.338373,0,0,0.004079,0.006561,0.100867
1552636973.357402,0,0,0.004030,0.006462,0.100867
1552636973.400467,0,0,0.004030,0.006759,0.100892
1552636973.437625,0,0,0.004030,0.006586,0.100892
1552636973.456574,0,0,0.004005,0.006536,0.100892
1552636973.475235,0,0,0.004055,0.006487,0.100867
1552636973.493827,0,0,0.004030,0.006610,0.100693
1552636973.512904,0,0,0.004030,0.006586,0.100867
1552636973.531475,0,0,0.004153,0.006511,0.100842
1552636973.568289,0,0,0.004055,0.006586,0.100743
1552636973.604951,0,0,0.004079,0.006412,0.100668
1552636973.623603,0,0,0.004079,0.006437,0.100718
1552636973.642027,0,0,0.004030,0.006511,0.100867
1552636973.660469,0,0,0.004104,0.006462,0.100842
1552636973.679045,0,0,0.004228,0.006561,0.100966
1552636973.697380,0,0,0.004129,0.006685,0.101264
1552636973.719150,0,0,0.004030,0.006536,0.101190
1552636973.766283,0,0,0.004055,0.006685,0.100892
1552636973.787812,0,0,0.003708,0.006833,0.100693
1552636973.807069,0,0,0.003783,0.006412,0.100892
1552636973.826225,0,0,0.004030,0.006437,0.101090
1552636973.845675,0,0,0.004203,0.006487,0.100842
1552636973.864311,0,0,0.004252,0.006487,0.100842
1552636973.901361,0,0,0.004104,0.006437,0.100941
1552636973.938466,0,0,0.004277,0.006536,0.101140
1552636973.958335,0,0,0.004203,0.006536,0.101041
1552636973.976495,0,0,0.003906,0.006685,0.100643
1552636974.001125,0,0,0.003807,0.006586,0.100544
1552636974.027902,0,0,0.004129,0.006338,0.100792
1552636974.047483,0,0,0.003832,0.012676,0.100892
1552636974.084866,0,0,0.004079,0.006561,0.101190
1552636974.121153,0,0,0.004030,0.006437,0.100941
1552636974.140358,0,0,0.003857,0.006487,0.100593
1552636974.160332,0,0,0.003857,0.006437,0.100892
1552636974.181463,0,0,0.003783,0.006487,0.100991
1552636974.201846,0,0,0.004129,0.006586,0.100917
1552636974.220903,0,0,0.003881,0.006536,0.100966
1552636974.239576,0,0,0.004104,0.006462,0.100743
1552636974.284795,0,0,0.003980,0.006090,0.100892
1552636974.304754,0,0,0.003783,0.006487,0.101016
1552636974.336694,0,0,0.003931,0.006536,0.100892
1552636974.357198,0,0,0.004005,0.006487,0.100743
1552636974.376402,0,0,0.003733,0.006338,0.101016
1552636974.402608,0,0,0.003931,0.006363,0.100941
1552636974.440157,0,0,0.003783,0.006511,0.100817
1552636974.459042,0,0,0.003906,0.006487,0.100941
1552636974.487934,0,0,0.003980,0.006412,0.100867
1552636974.511677,0,0,0.003881,0.006586,0.100792
1552636974.535037,0,0,0.003931,0.006363,0.100966
1552636974.559566,0,0,0.003956,0.006412,0.100569
1552636974.583312,0,0,0.003832,0.006561,0.100917
1552636974.621665,0,0,0.004030,0.006511,0.101016
1552636974.657770,0,0,0.003906,0.006487,0.100991
1552636974.676277,0,0,0.003832,0.006388,0.100817
1552636974.694178,0,0,0.003857,0.006412,0.100892
1552636974.711761,0,0,0.003733,0.006586,0.100743
1552636974.729383,0,0,0.004005,0.006412,0.100718
1552636974.747058,0,0,0.003733,0.006388,0.100966
1552636974.771283,0,0,0.003980,0.006561,0.100767
1552636974.809870,0,0,0.003956,0.006536,0.101066
1552636974.828315,0,0,0.003906,0.006462,0.101066
1552636974.856032,0,0,0.003733,0.006412,0.100991
1552636974.873890,0,0,0.003807,0.006338,0.100743
1552636974.891836,0,0,0.003832,0.006313,0.100718
1552636974.909836,0,0,0.003783,0.006289,0.100668
1552636974.929103,0,0,0.003881,0.006264,0.100991
1552636974.971881,0,0,0.003857,0.006388,0.101041
1552636974.989692,0,0,0.003832,0.006561,0.100817
1552636975.017053,0,0,0.003980,0.012627,0.100842
1552636975.034560,0,0,0.003931,0.006388,0.100792
1552636975.051984,0,0,0.003807,0.006388,0.100991
1552636975.069312,0,0,0.003783,0.006536,0.100892
1552636975.086603,0,0,0.003906,0.006363,0.101041
1552636975.105458,0,0,0.003980,0.006437,0.101140
1552636975.140811,0,0,0.004030,0.012676,0.100817
1552636975.158493,0,0,0.003832,0.006363,0.100767
1552636975.175916,0,0,0.003758,0.006561,0.100743
1552636975.193199,0,0,0.003906,0.006536,0.100693
1552636975.210539,0,0,0.003857,0.006511,0.100817
1552636975.227823,0,0,0.003881,0.006511,0.100743
1552636975.247199,0,0,0.003733,0.006388,0.100991
1552636975.282805,0,0,0.003906,0.006734,0.101066
1552636975.300545,0,0,0.003956,0.006313,0.101066
1552636975.335420,0,0,0.004104,0.006165,0.100842
1552636975.352912,0,0,0.004055,0.006363,0.100991
1552636975.370806,0,0,0.003783,0.006412,0.101140
1552636975.388644,0,0,0.004178,0.006264,0.101115
1552636975.406879,0,0,0.004055,0.012503,0.101488
1552636975.431909,0,0,0.004252,0.006610,0.100494
1552636975.484430,0,0,0.004302,0.006932,0.100842
1552636975.520194,0,0,0.004203,0.006883,0.100693
1552636975.539601,0,0,0.003906,0.006759,0.100966
1552636975.558209,0,0,0.004005,0.006833,0.100718
1552636975.576192,0,0,0.004326,0.007007,0.100917
1552636975.594091,0,0,0.004376,0.007229,0.100867
1552636975.612006,0,0,0.004401,0.006907,0.100767
1552636975.630724,0,0,0.004129,0.006759,0.100892
1552636975.684196,0,0,0.004228,0.006462,0.101115
1552636975.702141,0,0,0.004401,0.006462,0.101165
1552636975.720191,0,0,0.004277,0.006808,0.101041
1552636975.738058,0,0,0.004104,0.006957,0.100892
1552636975.755975,0,0,0.004524,0.007279,0.100345
1552636975.774385,0,0,0.004598,0.007279,0.101090
1552636975.792267,0,0,0.004129,0.007328,0.100693
1552636975.810722,0,0,0.004228,0.007427,0.100693
1552636975.829473,0,0,0.004055,0.007081,0.100767
1552636975.874091,0,0,0.004203,0.006957,0.101066
1552636975.892182,0,0,0.004228,0.007205,0.100917
1552636975.910440,0,0,0.004277,0.006957,0.101041
1552636975.928437,0,0,0.004302,0.006982,0.100842
1552636975.946468,0,0,0.004277,0.007056,0.100892
1552636975.964374,0,0,0.003387,0.006586,0.100494
1552636975.986640,0,0,0.004450,0.006610,0.098953
1552636976.025121,0,0,0.006205,0.005224,0.101911
1552636976.061118,0,0,0.005661,0.001857,0.100469
1552636976.079079,0,0,0.005909,0.007923,0.099699
1552636976.096985,0,0,0.004673,0.006883,0.097934
1552636976.114820,0,0,0.004228,0.006709,0.101687
1552636976.132636,0,0,0.004351,0.007031,0.101886
1552636976.150779,0,0,0.002596,0.006833,0.102084
1552636976.170420,0,0,0.004425,0.007279,0.100917
1552636976.211969,0,0,0.005513,0.008467,0.100544
1552636976.229951,0,0,0.003338,0.006907,0.101339
1552636976.247981,0,0,0.003832,0.007502,0.101041
1552636976.265940,0,0,0.004598,0.006412,0.100196
1552636976.283855,0,0,0.004475,0.006511,0.100767
1552636976.301691,0,0,0.004104,0.007031,0.101190
1552636976.319523,0,0,0.004079,0.006784,0.100966
1552636976.338080,0,0,0.003164,0.006437,0.100270
1552636976.376888,0,0,0.004722,0.007304,0.101911
1552636976.412356,0,0,0.004129,0.006982,0.100767
1552636976.430489,0,0,0.004153,0.006635,0.101637
1552636976.448136,0,0,0.003412,0.006586,0.099599
1552636976.466091,0,0,0.005167,0.007724,0.099326
1552636976.484100,0,0,0.003263,0.006561,0.101165
1552636976.501955,0,0,0.004648,0.006833,0.101761
1552636976.531527,0,0,0.003807,0.007106,0.101314
1552636976.566138,0,0,0.004104,0.007130,0.100593
1552636976.584135,0,0,0.004277,0.006437,0.100817
1552636976.601996,0,0,0.003733,0.006833,0.100320
1552636976.619890,0,0,0.004351,0.006734,0.101339
1552636976.637771,0,0,0.003708,0.006734,0.101140
1552636976.655589,0,0,0.004351,0.007155,0.100618
1552636976.674121,0,0,0.004326,0.006982,0.101165
1552636976.712564,0,0,0.004326,0.007205,0.100892
1552636976.748128,0,0,0.004351,0.007081,0.101090
1552636976.766220,0,0,0.004104,0.006610,0.101115
1552636976.784089,0,0,0.004178,0.006932,0.101041
1552636976.801934,0,0,0.004055,0.007031,0.100121
1552636976.819787,0,0,0.004598,0.006982,0.100842
1552636976.837685,0,0,0.003906,0.007007,0.100941
1552636976.859570,0,0,0.004129,0.006883,0.100892
1552636976.896421,0,0,0.004252,0.006784,0.101240
1552636976.931924,0,0,0.004129,0.006833,0.100718
1552636976.950102,0,0,0.004252,0.006734,0.100817
1552636976.967746,0,0,0.004079,0.006759,0.100767
1552636976.985406,0,0,0.003783,0.006635,0.100618
1552636977.003374,0,0,0.004153,0.006784,0.101215
1552636977.021957,0,0,0.004055,0.006685,0.101364
1552636977.050824,0,0,0.004425,0.006907,0.100171
1552636977.086186,0,0,0.003708,0.006660,0.100693
1552636977.104094,0,0,0.004104,0.006858,0.100892
1552636977.121980,0,0,0.004277,0.007007,0.101140
1552636977.139799,0,0,0.004104,0.006511,0.101140
1552636977.157692,0,0,0.004178,0.006957,0.100743
1552636977.175496,0,0,0.004005,0.007378,0.099873
1552636977.197435,0,0,0.004401,0.006388,0.101364
1552636977.235828,0,0,0.003906,0.007304,0.100246
1552636977.271748,0,0,0.003708,0.006610,0.100295
1552636977.290148,0,0,0.004870,0.006982,0.107154
1552636977.307955,0,0,0.003585,0.006487,0.095623
1552636977.325690,0,0,0.003708,0.006412,0.100569
1552636977.343579,0,0,0.004846,0.007353,0.100569
1552636977.361423,0,0,0.004623,0.007427,0.098481
1552636977.380153,0,0,0.004747,0.006784,0.100047
1552636977.399100,0,0,0.004302,0.006660,0.101886
1552636977.443681,0,0,0.003783,0.006313,0.101339
1552636977.461694,0,0,0.004302,0.006957,0.100917
1552636977.479663,0,0,0.004821,0.006932,0.100295
1552636977.497624,0,0,0.004178,0.007502,0.100767
1552636977.515605,0,0,0.004771,0.006808,0.100320
1552636977.533438,0,0,0.003164,0.006115,0.101911
1552636977.557228,0,0,0.003931,0.007353,0.101339
1552636977.603969,0,0,0.004450,0.007056,0.101190
1552636977.621939,0,0,0.003659,0.007056,0.101140
1552636977.639997,0,0,0.004203,0.006759,0.100892
1552636977.657863,0,0,0.004129,0.006907,0.100966
1552636977.675616,0,0,0.004079,0.006932,0.100693
1552636977.693485,0,0,0.004450,0.006957,0.100668
1552636977.711322,0,0,0.004104,0.007180,0.100941
1552636977.733130,0,0,0.003857,0.006115,0.101066
1552636977.771766,0,0,0.004598,0.007106,0.100544
1552636977.789827,0,0,0.004425,0.006957,0.100892
1552636977.807866,0,0,0.004055,0.006982,0.101090
1552636977.825728,0,0,0.004524,0.007130,0.101016
1552636977.843641,0,0,0.004277,0.007081,0.100966
1552636977.861459,0,0,0.004450,0.006883,0.100917
1552636977.879278,0,0,0.004104,0.007205,0.100792
1552636977.901157,0,0,0.004153,0.007106,0.100892
1552636977.954067,0,0,0.004277,0.006833,0.100718
1552636977.989723,0,0,0.004178,0.007056,0.100941
1552636978.008495,0,0,0.004178,0.006833,0.101016
1552636978.027171,0,0,0.004277,0.006957,0.101140
1552636978.045441,0,0,0.004277,0.006883,0.100892
1552636978.063411,0,0,0.004425,0.006907,0.100817
1552636978.081304,0,0,0.004153,0.007180,0.100767
1552636978.107429,0,0,0.003906,0.006685,0.100842
1552636978.153760,0,0,0.004475,0.006858,0.101090
1552636978.171976,0,0,0.004302,0.006858,0.101190
1552636978.189849,0,0,0.003980,0.007056,0.100643
1552636978.207723,0,0,0.004870,0.006709,0.100792
1552636978.225600,0,0,0.003980,0.006858,0.100817
1552636978.243458,0,0,0.004129,0.006982,0.101339
1552636978.265188,0,0,0.003956,0.006907,0.100991
1552636978.303448,0,0,0.004425,0.006784,0.100569
1552636978.339371,0,0,0.004203,0.007056,0.100842
1552636978.357235,0,0,0.004055,0.006957,0.100817
1552636978.374980,0,0,0.004277,0.006808,0.100842
1552636978.392816,0,0,0.004178,0.006833,0.100792
1552636978.410670,0,0,0.004129,0.006982,0.100941
1552636978.428537,0,0,0.004252,0.007081,0.100693
1552636978.450271,0,0,0.004252,0.006907,0.100966
1552636978.486021,0,0,0.004277,0.007056,0.100867
1552636978.521850,0,0,0.004178,0.006833,0.100643
1552636978.539724,0,0,0.004228,0.006957,0.100842
1552636978.557588,0,0,0.004228,0.007007,0.100917
1552636978.575446,0,0,0.004005,0.006833,0.100917
1552636978.593275,0,0,0.004228,0.006858,0.100817
1552636978.611144,0,0,0.004277,0.006883,0.100867
1552636978.633452,0,0,0.004129,0.006957,0.100892
1552636978.669395,0,0,0.004030,0.006759,0.100593
1552636978.687747,0,0,0.003881,0.007254,0.100743
1552636978.716151,0,0,0.004598,0.007353,0.100892
1552636978.734016,0,0,0.004055,0.006660,0.100966
1552636978.751864,0,0,0.004697,0.007130,0.100767
1552636978.770095,0,0,0.003832,0.007007,0.100817
1552636978.787921,0,0,0.004326,0.006858,0.101140
1552636978.809681,0,0,0.004079,0.007007,0.100867
1552636978.864104,0,0,0.004129,0.006709,0.100618
1552636978.882105,0,0,0.004302,0.007031,0.100792
1552636978.900122,0,0,0.004129,0.006858,0.100767
1552636978.917832,0,0,0.004425,0.006907,0.100842
1552636978.935660,0,0,0.004104,0.006982,0.100941
1552636978.953554,0,0,0.004079,0.007007,0.100991
1552636978.971380,0,0,0.004203,0.006883,0.100693
1552636978.993047,0,0,0.004228,0.007106,0.100917
1552636979.032129,0,0,0.004326,0.006808,0.100867
1552636979.050456,0,0,0.004203,0.006660,0.100867
1552636979.068529,0,0,0.004302,0.007106,0.100817
1552636979.086437,0,0,0.004203,0.007056,0.100892
1552636979.104287,0,0,0.004401,0.006982,0.100941
1552636979.122191,0,0,0.004104,0.006907,0.101016
1552636979.140030,0,0,0.004252,0.006982,0.100668
1552636979.158824,0,0,0.004153,0.006932,0.100767
1552636979.194907,0,0,0.004302,0.006883,0.100842
1552636979.230408,0,0,0.004302,0.006957,0.100842
1552636979.248455,0,0,0.004178,0.006932,0.100743
1552636979.266196,0,0,0.004302,0.006858,0.100643
1552636979.284034,0,0,0.004228,0.006932,0.101041
1552636979.301877,0,0,0.004129,0.006932,0.100842
1552636979.319769,0,0,0.004326,0.007007,0.100743
1552636979.341782,0,0,0.004178,0.007007,0.101066
1552636979.394489,0,0,0.004277,0.006858,0.101016
1552636979.430143,0,0,0.004203,0.006833,0.100718
1552636979.448467,0,0,0.004277,0.006858,0.100792
1552636979.466343,0,0,0.004252,0.007056,0.100991
1552636979.484274,0,0,0.004079,0.006932,0.100917
1552636979.502237,0,0,0.004178,0.006932,0.100718
1552636979.520099,0,0,0.004129,0.006907,0.100767
1552636979.539665,0,0,0.004129,0.006858,0.100991
1552636979.558620,0,0,0.004129,0.007130,0.100718
1552636979.603712,0,0,0.004450,0.006635,0.100817
1552636979.621822,0,0,0.004524,0.007229,0.100643
1552636979.639684,0,0,0.003807,0.006784,0.100842
1552636979.657555,0,0,0.004598,0.006957,0.100892
1552636979.675332,0,0,0.003758,0.006982,0.100892
1552636979.693154,0,0,0.004326,0.006907,0.101140
1552636979.714035,0,0,0.004153,0.006833,0.100668
1552636979.754250,0,0,0.004351,0.006957,0.101041
1552636979.772493,0,0,0.004104,0.006982,0.100693
1552636979.790593,0,0,0.004203,0.007081,0.100767
1552636979.808470,0,0,0.004129,0.006883,0.100817
1552636979.826412,0,0,0.004277,0.007031,0.100817
1552636979.844256,0,0,0.004079,0.006858,0.100991
1552636979.862076,0,0,0.004326,0.006759,0.100842
1552636979.880717,0,0,0.004228,0.007081,0.100767
1552636979.922551,0,0,0.004500,0.007007,0.100867
1552636979.940835,0,0,0.004450,0.006858,0.100643
1552636979.958869,0,0,0.004104,0.006858,0.100767
1552636979.976735,0,0,0.004104,0.006685,0.100693
1552636979.994575,0,0,0.004326,0.006932,0.101090
1552636980.012711,0,0,0.004030,0.006883,0.101016
1552636980.031526,0,0,0.004401,0.006858,0.101041
1552636980.050426,0,0,0.004277,0.006982,0.100792
1552636980.069437,0,0,0.004252,0.007031,0.100519
1552636980.113953,0,0,0.004104,0.006957,0.101140
1552636980.132067,0,0,0.004228,0.007056,0.100892
1552636980.149919,0,0,0.004228,0.007106,0.100792
1552636980.167555,0,0,0.004178,0.006734,0.100693
1552636980.185396,0,0,0.004228,0.006808,0.100618
1552636980.203229,0,0,0.004104,0.006932,0.100718
1552636980.222937,0,0,0.003906,0.006883,0.100767
1552636980.258616,0,0,0.004079,0.006982,0.100917
1552636980.294623,0,0,0.004326,0.007007,0.100743
1552636980.312633,0,0,0.003980,0.006511,0.100743
1552636980.330598,0,0,0.004153,0.006784,0.100420
1552636980.348527,0,0,0.004500,0.006784,0.100817
1552636980.366374,0,0,0.004524,0.007155,0.100892
1552636980.384205,0,0,0.004574,0.007378,0.101090
1552636980.409612,0,0,0.004277,0.007304,0.101289
1552636980.445282,0,0,0.004055,0.006808,0.100569
1552636980.463550,0,0,0.004005,0.006214,0.100817
1552636980.481516,0,0,0.004104,0.006388,0.100444
1552636980.499273,0,0,0.004203,0.006932,0.100544
1552636980.516952,0,0,0.004450,0.007378,0.101090
1552636980.534890,0,0,0.004277,0.007229,0.101165
1552636980.556852,0,0,0.004401,0.007031,0.100917
1552636980.594782,0,0,0.004302,0.006808,0.100494
1552636980.630638,0,0,0.004302,0.006759,0.101140
1552636980.648464,0,0,0.004129,0.006883,0.101215
1552636980.666170,0,0,0.004302,0.007007,0.101090
1552636980.684057,0,0,0.004401,0.006907,0.101190
1552636980.701898,0,0,0.004277,0.007056,0.100693
1552636980.719708,0,0,0.004153,0.006833,0.100544
1552636980.742101,0,0,0.004252,0.006883,0.101016
1552636980.794012,0,0,0.004574,0.007056,0.100842
1552636980.829627,0,0,0.004425,0.006883,0.100817
1552636980.847991,0,0,0.004450,0.006883,0.100693
1552636980.865910,0,0,0.004228,0.006907,0.100941
1552636980.883769,0,0,0.004252,0.007007,0.100892
1552636980.901632,0,0,0.004203,0.007106,0.100892
1552636980.919256,0,0,0.004475,0.007130,0.101041
1552636980.941278,0,0,0.004326,0.007031,0.101115
1552636980.994105,0,0,0.004104,0.006858,0.100544
1552636981.030383,0,0,0.004252,0.006858,0.100892
1552636981.049311,0,0,0.004500,0.007205,0.101016
1552636981.067258,0,0,0.004277,0.006709,0.100668
1552636981.085134,0,0,0.004351,0.006858,0.100792
1552636981.103045,0,0,0.003956,0.007081,0.100966
1552636981.120911,0,0,0.004203,0.007081,0.100767
1552636981.142765,0,0,0.004401,0.007031,0.100643
1552636981.178782,0,0,0.004450,0.006759,0.100867
1552636981.214355,0,0,0.004055,0.007081,0.100867
1552636981.232652,0,0,0.003857,0.006660,0.101115
1552636981.250542,0,0,0.004722,0.007403,0.100743
1552636981.268600,0,0,0.003881,0.007007,0.100892
1552636981.286470,0,0,0.004450,0.006759,0.100743
1552636981.304339,0,0,0.004302,0.006907,0.100469
1552636981.326183,0,0,0.004351,0.006808,0.100444
1552636981.362163,0,0,0.004055,0.007081,0.101289
1552636981.397579,0,0,0.004326,0.007081,0.100792
1552636981.415726,0,0,0.004673,0.006858,0.100494
1552636981.433693,0,0,0.004302,0.007081,0.100544
1552636981.451552,0,0,0.004129,0.007081,0.101190
1552636981.469364,0,0,0.004302,0.006833,0.101289
1552636981.487275,0,0,0.004203,0.006536,0.100867
1552636991.350462,0,0,0.004598,0.007031,0.100370
1552636991.369311,0,0,0.003956,0.007106,0.100991
1552636991.415275,0,0,0.004475,0.006858,0.100767
1552636991.433297,0,0,0.003881,0.006511,0.100246
1552636991.451267,0,0,0.004821,0.007502,0.100917
1552636991.469146,0,0,0.003659,0.006858,0.100867
1552636991.487048,0,0,0.004796,0.007304,0.101240
1552636991.504764,0,0,0.003807,0.006709,0.100892
1552636991.526792,0,0,0.004747,0.006784,0.100718
1552636991.565089,0,0,0.004203,0.007328,0.101115
1552636991.583353,0,0,0.004129,0.006833,0.100842
1552636991.601441,0,0,0.004376,0.006561,0.100743
1552636991.619715,0,0,0.004252,0.006784,0.100743
1552636991.637753,0,0,0.004252,0.007155,0.100966
1552636991.655593,0,0,0.004203,0.007007,0.101090
1552636991.673314,0,0,0.004326,0.007130,0.100643
1552636991.692238,0,0,0.004450,0.007106,0.100693
1552636991.733775,0,0,0.004302,0.006932,0.101140
1552636991.752021,0,0,0.004228,0.006907,0.101115
1552636991.770208,0,0,0.004475,0.007007,0.100917
1552636991.788080,0,0,0.004326,0.006759,0.100569
1552636991.805994,0,0,0.004401,0.006907,0.100817
1552636991.823838,0,0,0.004129,0.006957,0.101115
1552636991.841677,0,0,0.004302,0.006982,0.100892
1552636991.863822,0,0,0.004401,0.006858,0.100494
1552636991.907725,0,0,0.004351,0.007056,0.100643
1552636991.943321,0,0,0.004598,0.007106,0.100767
1552636991.961353,0,0,0.004401,0.007155,0.100917
1552636991.979272,0,0,0.004376,0.006932,0.100917
1552636992.000218,0,0,0.004598,0.007081,0.101016
1552636992.018533,0,0,0.004450,0.007130,0.101066
1552636992.037343,0,0,0.004376,0.007081,0.100718
1552636992.060027,0,0,0.004500,0.007081,0.100618
1552636992.105634,0,0,0.004228,0.007155,0.100842
1552636992.123749,0,0,0.004475,0.007031,0.100519
1552636992.141509,0,0,0.004500,0.006808,0.100643
1552636992.159397,0,0,0.003931,0.006685,0.101115
1552636992.177373,0,0,0.003758,0.007650,0.101488
1552636992.195237,0,0,0.004475,0.007427,0.101314
1552636992.217676,0,0,0.005315,0.006586,0.100544
1552636992.255772,0,0,0.004326,0.007700,0.100444
1552636992.274099,0,0,0.004104,0.007774,0.101264
1552636992.292231,0,0,0.004425,0.007848,0.095474
1552636992.310164,0,0,0.004623,0.007427,0.100395
1552636992.328188,0,0,0.004524,0.007205,0.100096
1552636992.346076,0,0,0.004351,0.007081,0.100320
1552636992.363965,0,0,0.004178,0.006808,0.100817
1552636992.388677,0,0,0.004178,0.006635,0.101389
1552636992.435397,0,0,0.004697,0.007254,0.100991
1552636992.453357,0,0,0.004401,0.007205,0.100792
1552636992.471370,0,0,0.004475,0.007279,0.100693
1552636992.489246,0,0,0.004351,0.007502,0.100395
1552636992.506970,0,0,0.004425,0.007081,0.100743
1552636992.524804,0,0,0.004326,0.006685,0.100917
1552636992.542632,0,0,0.004425,0.006586,0.100767
1552636992.561271,0,0,0.004326,0.006536,0.101041
1552636992.579606,0,0,0.004351,0.007106,0.100892
1552636992.625441,0,0,0.004351,0.007081,0.100743
1552636992.643492,0,0,0.004351,0.007081,0.100668
1552636992.661350,0,0,0.004326,0.007007,0.100817
1552636992.679227,0,0,0.004351,0.007056,0.100743
1552636992.696897,0,0,0.004129,0.006932,0.101016
1552636992.714803,0,0,0.004376,0.006784,0.100941
1552636992.736866,0,0,0.004401,0.006982,0.100991
1552636992.775045,0,0,0.004549,0.006907,0.100892
1552636992.793256,0,0,0.004351,0.006907,0.100917
1552636992.811409,0,0,0.004277,0.006957,0.100941
1552636992.829339,0,0,0.004302,0.006808,0.100519
1552636992.847253,0,0,0.004277,0.006957,0.100618
1552636992.865091,0,0,0.004326,0.007056,0.100892
1552636992.882924,0,0,0.004351,0.006982,0.101264
1552636992.901822,0,0,0.004277,0.007056,0.101041
1552636992.920391,0,0,0.004252,0.006833,0.100842
1552636992.965417,0,0,0.004500,0.006982,0.100693
1552636992.983512,0,0,0.004425,0.007155,0.100867
1552636993.001363,0,0,0.004376,0.007155,0.100817
1552636993.019850,0,0,0.004351,0.006982,0.100867
1552636993.038521,0,0,0.004500,0.007106,0.101016
1552636993.056569,0,0,0.004326,0.006858,0.100817
1552636993.080679,0,0,0.004302,0.006858,0.100842
1552636993.125349,0,0,0.004401,0.006982,0.100892
1552636993.161078,0,0,0.004351,0.006932,0.100991
1552636993.178931,0,0,0.004401,0.006883,0.100718
1552636993.196925,0,0,0.004326,0.006982,0.100867
1552636993.214803,0,0,0.004203,0.007007,0.100693
1552636993.232499,0,0,0.004228,0.007007,0.100966
1552636993.250370,0,0,0.004129,0.006784,0.100892
1552636993.272316,0,0,0.004326,0.007007,0.100743
1552636993.326524,0,0,0.004351,0.006982,0.101016
1552636993.362218,0,0,0.004277,0.006957,0.100569
1552636993.380690,0,0,0.004450,0.006808,0.100668
1552636993.398590,0,0,0.004351,0.007353,0.100917
1552636993.416506,0,0,0.004326,0.006883,0.101016
1552636993.434350,0,0,0.004376,0.006907,0.100743
1552636993.452207,0,0,0.004252,0.007031,0.100718
1552636993.474009,0,0,0.004574,0.006932,0.101016
1552636993.511586,0,0,0.004450,0.007056,0.101041
1552636993.529635,0,0,0.004252,0.006957,0.100917
1552636993.557496,0,0,0.004401,0.006932,0.101314
1552636993.575372,0,0,0.003980,0.006561,0.101438
1552636993.593263,0,0,0.004945,0.007205,0.101140
1552636993.611125,0,0,0.003956,0.007526,0.100420
1552636993.629027,0,0,0.005093,0.007254,0.100817
1552636993.653352,0,0,0.003684,0.007056,0.101538
1552636993.697813,0,0,0.004796,0.008343,0.101911
1552636993.733438,0,0,0.002868,0.011661,0.100593
1552636993.751717,0,0,0.004673,0.007304,0.100966
1552636993.769591,0,0,0.003708,0.006363,0.101041
1552636993.787433,0,0,0.005043,0.007056,0.100022
1552636993.805290,0,0,0.004104,0.007229,0.101066
1552636993.823168,0,0,0.004005,0.006610,0.101264
1552636993.841763,0,0,0.004376,0.006808,0.100270
1552636993.860544,0,0,0.004351,0.007601,0.100941
1552636993.905226,0,0,0.003931,0.006536,0.100643
1552636993.923195,0,0,0.003857,0.006437,0.101090
1552636993.941079,0,0,0.004129,0.006808,0.101140
1552636993.958917,0,0,0.004351,0.007205,0.100941
1552636993.976738,0,0,0.004376,0.006932,0.100817
1552636993.994556,0,0,0.004425,0.007031,0.100519
1552636994.022149,0,0,0.004153,0.006883,0.100420
1552636994.067671,0,0,0.003906,0.006709,0.101115
1552636994.103920,0,0,0.003783,0.006685,0.100991
1552636994.122041,0,0,0.004326,0.006635,0.100494
1552636994.140455,0,0,0.004104,0.006363,0.100420
1552636994.158306,0,0,0.003857,0.006363,0.100618
1552636994.176302,0,0,0.003758,0.006338,0.100792
1552636994.194589,0,0,0.003486,0.006462,0.100867
1552636994.215441,0,0,0.003881,0.006289,0.100867
1552636994.265276,0,0,0.003906,0.006536,0.100991
1552636994.300393,0,0,0.004104,0.006833,0.100941
1552636994.318071,0,0,0.004104,0.006338,0.100991
1552636994.335565,0,0,0.004055,0.006561,0.100966
1552636994.353513,0,0,0.003832,0.006437,0.100917
1552636994.370845,0,0,0.003783,0.006660,0.100817
1552636994.388772,0,0,0.003758,0.006338,0.100991
1552636994.406457,0,0,0.003733,0.006437,0.100917
1552636994.442108,0,0,0.003634,0.000099,0.100867
1552636994.459937,0,0,0.003733,0.006264,0.100792
1552636994.486792,0,0,0.003807,0.006289,0.100917
1552636994.504420,0,0,0.003832,0.006462,0.100792
1552636994.521762,0,0,0.003733,0.005868,0.100718
1552636994.539503,0,0,0.003609,0.007106,0.101165
1552636994.556710,0,0,0.004055,0.006635,0.100842
1552636994.574646,0,0,0.003412,0.005744,0.100693
1552636994.611339,0,0,0.003733,0.006388,0.101339
1552636994.629391,0,0,0.004030,0.006536,0.100320
1552636994.657233,0,0,0.003708,0.000173,0.101364
1552636994.674838,0,0,0.003708,0.012651,0.100767
1552636994.692091,0,0,0.004005,0.006734,0.100420
1552636994.709857,0,0,0.003708,0.006536,0.100941
1552636994.727056,0,0,0.003708,0.000149,0.100966
1552636994.746249,0,0,0.003931,0.006437,0.100842
1552636994.781930,0,0,0.003881,0.006536,0.100867
1552636994.799420,0,0,0.003881,0.006635,0.100842
1552636994.816885,0,0,0.003708,0.006239,0.101041
1552636994.834559,0,0,0.003807,0.006610,0.100668
1552636994.851805,0,0,0.003684,0.006586,0.100792
1552636994.869626,0,0,0.003956,0.006338,0.101264
1552636994.887822,0,0,0.003956,0.006412,0.101264
1552636994.905710,0,0,0.003906,0.006388,0.101215
1552636994.938366,0,0,0.003634,0.006338,0.100569
1552636994.956584,0,0,0.003585,0.006388,0.100519
1552636994.974514,0,0,0.003758,0.006635,0.100469
1552636994.992889,0,0,0.003684,0.006388,0.100544
1552636995.027038,0,0,0.004005,0.006264,0.101190
1552636995.047481,0,0,0.003881,0.006635,0.100917
1552636995.083312,0,0,0.003857,0.006586,0.100718
1552636995.100834,0,0,0.003634,0.006338,0.100668
1552636995.118012,0,0,0.003906,0.006363,0.100643
1552636995.135658,0,0,0.003857,0.006462,0.101066
1552636995.152961,0,0,0.004055,0.006437,0.101066
1552636995.170593,0,0,0.003807,0.006561,0.101264
1552636995.188530,0,0,0.003832,0.006610,0.101115
1552636995.223984,0,0,0.003609,0.006536,0.100444
1552636995.258908,0,0,0.003733,0.006066,0.100345
1552636995.276418,0,0,0.003585,0.006833,0.101314
1552636995.293792,0,0,0.003362,0.005174,0.100345
1552636995.311113,0,0,0.004697,0.007625,0.101587
1552636995.328571,0,0,0.003560,0.006363,0.101140
1552636995.345920,0,0,0.004450,0.006759,0.100096
1552636995.363773,0,0,0.003684,0.006586,0.100966
1552636995.399980,0,0,0.003263,0.005892,0.100817
1552636995.417379,0,0,0.004104,0.006883,0.101314
1552636995.434720,0,0,0.002868,0.006016,0.100395
1552636995.452313,0,0,0.004969,0.007229,0.101712
1552636995.469591,0,0,0.003164,0.006264,0.101488
1552636995.486835,0,0,0.004574,0.006487,0.099997
1552636995.510640,0,0,0.003708,0.006561,0.101339
1552636995.546434,0,0,0.004228,0.006660,0.100096
1552636995.563882,0,0,0.003609,0.006264,0.100643
1552636995.581551,0,0,0.003956,0.006487,0.101438
1552636995.598836,0,0,0.003560,0.006289,0.100693
1552636995.616268,0,0,0.004252,0.006610,0.100618
1552636995.633971,0,0,0.003758,0.006388,0.101264
1552636995.651941,0,0,0.003857,0.006289,0.100444
1552636995.670317,0,0,0.003980,0.006784,0.101264
1552636995.714654,0,0,0.004450,0.007229,0.101165
1552636995.732086,0,0,0.003931,0.006239,0.101289
1552636995.750724,0,0,0.003758,0.006412,0.100544
1552636995.768433,0,0,0.003807,0.006412,0.100743
1552636995.786805,0,0,0.004055,0.006734,0.100991
1552636995.804579,0,0,0.003733,0.006214,0.100246
1552636995.823195,0,0,0.003807,0.006907,0.101637
1552636995.864157,0,0,0.003758,0.006808,0.101041
1552636995.881788,0,0,0.003758,0.006561,0.101264
1552636995.899462,0,0,0.004030,0.006412,0.100494
1552636995.916821,0,0,0.003807,0.006610,0.100966
1552636995.934228,0,0,0.003684,0.006536,0.100966
1552636995.952020,0,0,0.003807,0.006462,0.100767
1552636995.969239,0,0,0.003956,0.006462,0.100991
1552636995.987523,0,0,0.003585,0.006586,0.100991
1552636996.024862,0,0,0.003684,0.006388,0.100941
1552636996.042617,0,0,0.003881,0.012651,0.100991
1552636996.060415,0,0,0.003980,0.006313,0.101066
1552636996.077749,0,0,0.003906,0.012651,0.100966
1552636996.095147,0,0,0.003758,0.006610,0.101041
1552636996.113060,0,0,0.003881,0.006511,0.100718
1552636996.130387,0,0,0.003881,0.006437,0.100743
1552636996.150401,0,0,0.003832,0.006561,0.100842
1552636996.185850,0,0,0.003758,0.006660,0.100767
1552636996.203440,0,0,0.003807,0.006363,0.100842
1552636996.221065,0,0,0.003980,0.006462,0.100917
1552636996.238328,0,0,0.003906,0.006561,0.100767
1552636996.255763,0,0,0.003857,0.006487,0.100966
1552636996.273184,0,0,0.003758,0.006363,0.100842
1552636996.291073,0,0,0.003758,0.006511,0.100867
1552636996.309100,0,0,0.003783,0.006586,0.100792
1552636996.337022,0,0,0.003807,0.000025,0.100966
1552636996.354555,0,0,0.003906,0.006388,0.101016
1552636996.371898,0,0,0.003807,0.000124,0.100966
1552636996.389205,0,0,0.003857,0.006462,0.100743
1552636996.406560,0,0,0.003758,0.006388,0.100892
1552636996.423825,0,0,0.003906,0.006462,0.100917
1552636996.441604,0,0,0.003881,0.006363,0.100867
1552636996.460195,0,0,0.003783,0.006289,0.100842
1552636996.487012,0,0,0.003881,0.006759,0.100966
1552636996.504381,0,0,0.003857,0.006412,0.100941
1552636996.521715,0,0,0.003807,0.006388,0.100743
1552636996.539195,0,0,0.003634,0.006561,0.100991
1552636996.557025,0,0,0.003807,0.006462,0.100917
1552636996.574872,0,0,0.003783,0.006561,0.100792
1552636996.596568,0,0,0.003733,0.006388,0.100991
1552636996.633103,0,0,0.003857,0.012651,0.100718
1552636996.668815,0,0,0.003783,0.006536,0.100941
1552636996.687076,0,0,0.003807,0.006511,0.100966
1552636996.704958,0,0,0.003758,0.006487,0.100693
1552636996.722774,0,0,0.003857,0.006610,0.101041
1552636996.740652,0,0,0.003733,0.006487,0.101016
1552636996.758312,0,0,0.003807,0.006313,0.100941
1552636996.779946,0,0,0.003832,0.006511,0.100941
1552636996.815956,0,0,0.003807,0.006610,0.100792
1552636996.851564,0,0,0.003832,0.006437,0.100966
1552636996.869856,0,0,0.004030,0.006660,0.100842
1552636996.887762,0,0,0.003857,0.006437,0.101041
1552636996.905582,0,0,0.003807,0.006437,0.100792
1552636996.923450,0,0,0.003832,0.006487,0.100743
1552636996.941350,0,0,0.003634,0.006511,0.100767
1552636996.963138,0,0,0.003783,0.006437,0.101041
1552636997.016229,0,0,0.003783,0.006511,0.100767
1552636997.052606,0,0,0.003807,0.006487,0.100941
1552636997.070970,0,0,0.003857,0.006586,0.100743
1552636997.088690,0,0,0.003857,0.006412,0.100842
1552636997.106491,0,0,0.003857,0.006462,0.100941
1552636997.124373,0,0,0.003857,0.006511,0.100867
1552636997.142208,0,0,0.003931,0.012651,0.100892
1552636997.163984,0,0,0.003857,0.006586,0.100767
1552636997.203148,0,0,0.003906,0.006412,0.100941
1552636997.221215,0,0,0.003931,0.006536,0.100966
1552636997.239094,0,0,0.003634,0.006462,0.100941
1552636997.256850,0,0,0.003733,0.006388,0.100867
1552636997.274916,0,0,0.003980,0.006511,0.100817
1552636997.292895,0,0,0.003807,0.006511,0.100743
1552636997.314980,0,0,0.003832,0.006610,0.100792
1552636997.353445,0,0,0.003733,0.012627,0.100842
1552636997.371857,0,0,0.003807,0.006511,0.100867
1552636997.389887,0,0,0.004005,0.006412,0.101041
1552636997.407739,0,0,0.003783,0.006412,0.100941
1552636997.425576,0,0,0.003783,0.006388,0.100743
1552636997.443577,0,0,0.003931,0.006660,0.100817
1552636997.461582,0,0,0.003783,0.006487,0.101066
1552636997.483767,0,0,0.003832,0.006412,0.100817
1552636997.519840,0,0,0.003832,0.006561,0.100817
1552636997.555925,0,0,0.003881,0.006561,0.100941
1552636997.574091,0,0,0.003733,0.006610,0.100842
1552636997.592007,0,0,0.003585,0.000124,0.100668
1552636997.609984,0,0,0.004055,0.006487,0.101140
1552636997.628197,0,0,0.003486,0.005645,0.100519
1552636997.646259,0,0,0.004920,0.006660,0.101364
1552636997.668089,0,0,0.002942,0.006586,0.100693
1552636997.706269,0,0,0.003461,0.007328,0.101264
1552636997.724665,0,0,0.004153,0.006066,0.100643
1552636997.742714,0,0,0.003436,0.006462,0.100842
1552636997.760929,0,0,0.003931,0.006214,0.101140
1552636997.778683,0,0,0.004129,0.006833,0.101090
1552636997.796339,0,0,0.003609,0.006289,0.100121
1552636997.814104,0,0,0.003832,0.006313,0.100867
1552636997.836338,0,0,0.004079,0.007180,0.101240
1552636997.874541,0,0,0.003708,0.006932,0.101190
1552636997.892848,0,0,0.003758,0.006140,0.101190
1552636997.910922,0,0,0.004129,0.006511,0.100047
1552636997.928990,0,0,0.003461,0.006090,0.100618
1552636997.946886,0,0,0.003906,0.012552,0.101364
1552636997.964849,0,0,0.003634,0.000545,0.100519
1552636997.983169,0,0,0.004079,0.012280,0.101414
1552636998.002346,0,0,0.003585,0.005917,0.101041
1552636998.049953,0,0,0.004030,0.006462,0.101115
1552636998.069288,0,0,0.004153,0.000124,0.099997
1552636998.086631,0,0,0.003239,0.007650,0.101090
1552636998.103847,0,0,0.003758,0.004754,0.101190
1552636998.121040,0,0,0.003807,0.006932,0.101215
1552636998.138199,0,0,0.003708,0.000594,0.100444
1552636998.155709,0,0,0.004030,0.012528,0.101165
1552636998.190904,0,0,0.003980,0.006016,0.101240
1552636998.208546,0,0,0.004104,0.006561,0.100196
1552636998.236960,0,0,0.003684,0.006115,0.101115
1552636998.254211,0,0,0.003733,0.006709,0.101041
1552636998.271510,0,0,0.003931,0.006511,0.100618
1552636998.288811,0,0,0.003980,0.006635,0.101066
1552636998.306074,0,0,0.003758,0.006140,0.101041
1552636998.324889,0,0,0.003881,0.006388,0.101066
1552636998.360321,0,0,0.003684,0.006462,0.100892
1552636998.377703,0,0,0.003708,0.006165,0.100867
1552636998.395039,0,0,0.003807,0.006833,0.100420
1552636998.412358,0,0,0.003585,0.006412,0.101414
1552636998.429655,0,0,0.003684,0.006907,0.100270
1552636998.446945,0,0,0.004055,0.006239,0.101066
1552636998.464539,0,0,0.003758,0.006462,0.101488
1552636998.499675,0,0,0.003956,0.006338,0.100618
1552636998.534975,0,0,0.003585,0.006437,0.100718
1552636998.552478,0,0,0.003708,0.006388,0.100941
1552636998.569782,0,0,0.003857,0.006338,0.101190
1552636998.587080,0,0,0.003881,0.006536,0.101041
1552636998.604404,0,0,0.003807,0.012676,0.100792
1552636998.621673,0,0,0.003931,0.006660,0.100991
1552636998.639308,0,0,0.003807,0.006610,0.100693
1552636998.681534,0,0,0.003807,0.009779,0.099276
1552636998.699236,0,0,0.004697,0.004853,0.103277
1552636998.716951,0,0,0.003906,0.005868,0.098481
1552636998.734447,0,0,0.004302,0.012602,0.100892
1552636998.752023,0,0,0.002991,0.001139,0.102234
1552636998.770384,0,0,0.003239,0.012008,0.100221
1552636998.793930,0,0,0.005068,0.006759,0.099898
1552636998.846366,0,0,0.003807,0.006388,0.100966
1552636998.882809,0,0,0.003436,0.006487,0.100693
1552636998.901901,0,0,0.003807,0.006313,0.101364
1552636998.920399,0,0,0.003832,0.006487,0.100668
1552636998.938668,0,0,0.003980,0.006759,0.100668
1552636998.957787,0,0,0.003585,0.006189,0.100544
1552636998.975930,0,0,0.003906,0.006313,0.100842
1552636998.994658,0,0,0.003758,0.006685,0.101115
1552636999.046094,0,0,0.003980,0.006115,0.101488
1552636999.064004,0,0,0.003783,0.012651,0.100469
1552636999.082047,0,0,0.003733,0.006561,0.100295
1552636999.100400,0,0,0.003832,0.006511,0.101016
1552636999.120464,0,0,0.003560,0.006462,0.100966
1552636999.138272,0,0,0.003881,0.006536,0.100817
1552636999.159676,0,0,0.003857,0.006561,0.101289
1552636999.204669,0,0,0.003906,0.006536,0.100917
1552636999.222128,0,0,0.003881,0.006412,0.100519
1552636999.239459,0,0,0.003807,0.006412,0.100817
1552636999.256632,0,0,0.003832,0.006363,0.100842
1552636999.273943,0,0,0.003708,0.006437,0.101041
1552636999.291245,0,0,0.003783,0.006536,0.100991
1552636999.308995,0,0,0.003634,0.006561,0.100966
1552636999.344529,0,0,0.003758,0.006462,0.100917
1552636999.379836,0,0,0.003881,0.006462,0.100842
1552636999.397340,0,0,0.003956,0.006536,0.100966
1552636999.414630,0,0,0.003881,0.006561,0.100941
1552636999.431949,0,0,0.003783,0.006561,0.100917
1552636999.449295,0,0,0.003708,0.006487,0.100867
1552636999.466546,0,0,0.003906,0.006511,0.100892
1552636999.485580,0,0,0.003931,0.006487,0.100842
1552636999.520723,0,0,0.003980,0.006462,0.100941
1552636999.538502,0,0,0.003684,0.006437,0.100892
1552636999.555824,0,0,0.003758,0.006660,0.100867
1552636999.573107,0,0,0.003857,0.006536,0.100643
1552636999.590378,0,0,0.003708,0.006462,0.100842
1552636999.607662,0,0,0.003708,0.006511,0.100941
1552636999.626643,0,0,0.003783,0.006635,0.100991
1552636999.662694,0,0,0.003164,0.006982,0.101861
1552636999.680665,0,0,0.004153,0.007304,0.100693
1552636999.698523,0,0,0.003980,0.005942,0.100196
1552636999.716490,0,0,0.004055,0.006462,0.101737
1552636999.734318,0,0,0.003263,0.006313,0.100494
1552636999.752344,0,0,0.003733,0.006586,0.100593
1552636999.770380,0,0,0.003684,0.006610,0.101115
1552636999.792073,0,0,0.003881,0.006437,0.100743
1552636999.845591,0,0,0.003758,0.006412,0.100966
1552636999.881659,0,0,0.003832,0.006487,0.100643
1552636999.900199,0,0,0.003609,0.006388,0.100842
1552636999.918189,0,0,0.003807,0.006536,0.101041
1552636999.936464,0,0,0.003807,0.006363,0.100991
1552636999.954664,0,0,0.003758,0.006610,0.101090
1552636999.972662,0,0,0.003857,0.006462,0.100767
1552636999.994334,0,0,0.003807,0.006412,0.100693
1552637000.045944,0,0,0.003659,0.006536,0.100917
1552637000.064675,0,0,0.003659,0.006462,0.100867
1552637000.082984,0,0,0.003832,0.006487,0.100991
1552637000.101053,0,0,0.003783,0.006511,0.100941
1552637000.119101,0,0,0.003956,0.006511,0.100991
1552637000.137518,0,0,0.003659,0.012602,0.100917
1552637000.155419,0,0,0.003881,0.006487,0.100941
1552637000.174424,0,0,0.003733,0.006289,0.100718
1552637000.225687,0,0,0.003609,0.006462,0.101115
1552637000.244034,0,0,0.003684,0.006511,0.101190
1552637000.262399,0,0,0.003857,0.006289,0.100743
1552637000.280309,0,0,0.003931,0.006511,0.100892
1552637000.298584,0,0,0.003783,0.006536,0.100991
1552637000.316778,0,0,0.003832,0.006462,0.100867
1552637000.334907,0,0,0.003659,0.006635,0.100792
1552637000.353583,0,0,0.003609,0.006313,0.100941
1552637000.405823,0,0,0.003659,0.006338,0.100718
1552637000.441833,0,0,0.003783,0.006462,0.100966
1552637000.461155,0,0,0.003634,0.006511,0.100941
1552637000.479148,0,0,0.003906,0.006487,0.100991
1552637000.496994,0,0,0.003832,0.006536,0.100941
1552637000.515005,0,0,0.003758,0.006660,0.100892
1552637000.533113,0,0,0.003783,0.006338,0.100817
1552637000.554810,0,0,0.003881,0.006536,0.100842
1552637000.591697,0,0,0.003758,0.006487,0.100867
1552637000.609990,0,0,0.003708,0.006437,0.100792
1552637000.637730,0,0,0.003708,0.006586,0.100966
1552637000.655632,0,0,0.003906,0.006586,0.101016
1552637000.673562,0,0,0.003807,0.006388,0.100966
1552637000.691721,0,0,0.003857,0.006635,0.100941
1552637000.709710,0,0,0.003807,0.006412,0.100991
1552637000.731647,0,0,0.003857,0.006462,0.100792
1552637000.786407,0,0,0.003807,0.006511,0.100643
1552637000.822170,0,0,0.003708,0.000198,0.100867
1552637000.840906,0,0,0.003783,0.006586,0.101016
1552637000.858864,0,0,0.003857,0.006511,0.100892
1552637000.876755,0,0,0.003832,0.006462,0.100817
1552637000.894907,0,0,0.003857,0.006561,0.100792
1552637000.912825,0,0,0.003708,0.006412,0.101041
1552637000.934572,0,0,0.003733,0.006536,0.100792
1552637000.973160,0,0,0.003684,0.006586,0.100718
1552637001.010354,0,0,0.003857,0.006487,0.101016
1552637001.029251,0,0,0.003906,0.006412,0.100941
1552637001.047494,0,0,0.003708,0.006363,0.100966
1552637001.065516,0,0,0.003807,0.006586,0.100917
1552637001.083713,0,0,0.003807,0.006462,0.101016
1552637001.101684,0,0,0.003733,0.006363,0.100917
1552637001.150810,0,0,0.003634,0.006487,0.100941
1552637001.188669,0,0,0.003881,0.006462,0.100842
1552637001.206676,0,0,0.003881,0.006437,0.100917
1552637001.224515,0,0,0.003807,0.006511,0.100817
1552637001.243010,0,0,0.003684,0.006412,0.100817
1552637001.260916,0,0,0.003733,0.006437,0.100767
1552637001.279152,0,0,0.003807,0.006561,0.101066
1552637001.308882,0,0,0.003783,0.000099,0.100867
1552637001.345321,0,0,0.003956,0.006412,0.101016
1552637001.363341,0,0,0.003832,0.006536,0.100842
1552637001.382865,0,0,0.003733,0.006536,0.100817
1552637001.401258,0,0,0.003783,0.006437,0.100991
1552637001.419137,0,0,0.003807,0.006586,0.100941
1552637001.438675,0,0,0.003807,0.006388,0.100817
1552637001.467757,0,0,0.003832,0.006412,0.100917
1552637001.505453,0,0,0.003857,0.006412,0.100941
1552637001.523525,0,0,0.003733,0.006487,0.100892
1552637001.541607,0,0,0.003956,0.006487,0.100817
1552637001.559506,0,0,0.003807,0.006561,0.101041
1552637001.577573,0,0,0.003857,0.006437,0.100941
1552637001.595710,0,0,0.003807,0.006388,0.100743
1552637001.642831,0,0,0.003783,0.006462,0.101090
1552637001.677715,0,0,0.003807,0.006462,0.100917
1552637001.696624,0,0,0.003733,0.006462,0.100966
1552637001.714654,0,0,0.003708,0.006586,0.100892
1552637001.732624,0,0,0.003881,0.006289,0.100867
1552637001.750743,0,0,0.003832,0.006511,0.100792
1552637001.768737,0,0,0.003708,0.006412,0.100743
1552637001.790451,0,0,0.003881,0.006561,0.101090
1552637001.828242,0,0,0.003783,0.006412,0.100966
1552637001.864166,0,0,0.003783,0.006462,0.100867
1552637001.882706,0,0,0.003708,0.006115,0.100892
1552637001.900901,0,0,0.004178,0.006759,0.101090
1552637001.918930,0,0,0.003684,0.006214,0.100817
1552637001.937039,0,0,0.004055,0.006734,0.100743
1552637001.955069,0,0,0.003807,0.006388,0.100991
1552637001.973892,0,0,0.003733,0.006586,0.100941
1552637002.013093,0,0,0.003807,0.006388,0.100892
1552637002.050859,0,0,0.003659,0.006536,0.100892
1552637002.069489,0,0,0.003857,0.006511,0.101165
1552637002.087823,0,0,0.003708,0.006536,0.100618
1552637002.106015,0,0,0.003857,0.006462,0.100743
1552637002.124531,0,0,0.003931,0.006536,0.101115
1552637002.142886,0,0,0.003684,0.006363,0.100817
1552637002.168298,0,0,0.003956,0.006214,0.100668
1552637002.215528,0,0,0.003560,0.006487,0.101240
1552637002.234382,0,0,0.003412,0.000619,0.100395
1552637002.252456,0,0,0.003931,0.006808,0.101215
1552637002.270437,0,0,0.004104,0.006388,0.101016
1552637002.288631,0,0,0.003634,0.006462,0.100618
1552637002.306750,0,0,0.003733,0.006388,0.100867
1552637002.330720,0,0,0.003906,0.006635,0.100718
1552637002.375302,0,0,0.003486,0.007601,0.101115
1552637002.394157,0,0,0.003783,0.006115,0.100519
1552637002.412392,0,0,0.003832,0.006660,0.101538
1552637002.430245,0,0,0.003436,0.006363,0.100718
1552637002.448447,0,0,0.004450,0.006932,0.100444
1552637002.466370,0,0,0.003486,0.006338,0.100718
1552637002.484891,0,0,0.003733,0.005843,0.101140
1552637002.526779,0,0,0.003783,0.006709,0.101041
1552637002.545125,0,0,0.003387,0.011958,0.101190
1552637002.563045,0,0,0.004153,0.007279,0.100593
1552637002.581143,0,0,0.004574,0.005719,0.101115
1552637002.599160,0,0,0.003634,0.006932,0.100146
1552637002.617099,0,0,0.003684,0.005645,0.100966
1552637002.639161,0,0,0.004252,0.006586,0.101786
1552637002.677106,0,0,0.004351,0.006907,0.101140
1552637002.696416,0,0,0.003115,0.005868,0.101414
1552637002.714901,0,0,0.003906,0.006635,0.100469
1552637002.733182,0,0,0.003436,0.006511,0.101463
1552637002.752037,0,0,0.003733,0.006561,0.099848
1552637002.770071,0,0,0.004104,0.000545,0.101687
1552637002.788001,0,0,0.003338,0.006883,0.101090
1552637002.834457,0,0,0.003708,0.006140,0.100892
1552637002.867643,0,0,0.003980,0.006536,0.100991
1552637002.885609,0,0,0.003609,0.006685,0.100892
1552637002.903579,0,0,0.004079,0.005843,0.100519
1552637002.921593,0,0,0.004079,0.006511,0.101041
1552637002.939573,0,0,0.003659,0.007081,0.101190
1552637002.957493,0,0,0.003956,0.006412,0.100618
1552637002.979411,0,0,0.003684,0.006313,0.100767
1552637003.018155,0,0,0.003609,0.006635,0.100792
1552637003.039892,0,0,0.003609,0.012379,0.100072
1552637003.058254,0,0,0.004401,0.006239,0.101612
1552637003.076262,0,0,0.003906,0.006536,0.101811
1552637003.094218,0,0,0.003733,0.006289,0.099525
1552637003.112315,0,0,0.004252,0.006561,0.101463
1552637003.130101,0,0,0.003239,0.006437,0.100867
1552637003.148864,0,0,0.004302,0.006561,0.100519
1552637003.205564,0,0,0.003931,0.006412,0.101041
1552637003.241390,0,0,0.003980,0.006561,0.100618
1552637003.259795,0,0,0.003783,0.006487,0.100544
1552637003.277688,0,0,0.003708,0.006313,0.101066
1552637003.295948,0,0,0.003857,0.006586,0.100917
1552637003.313975,0,0,0.003832,0.006586,0.101165
1552637003.332168,0,0,0.003881,0.012602,0.100892
1552637003.353596,0,0,0.004005,0.006635,0.100593
1552637003.392623,0,0,0.003807,0.006412,0.100917
1552637003.410985,0,0,0.003684,0.006511,0.101041
1552637003.429111,0,0,0.003980,0.006511,0.100917
1552637003.447347,0,0,0.003783,0.006536,0.100892
1552637003.465325,0,0,0.003857,0.006338,0.100867
1552637003.483372,0,0,0.003881,0.006536,0.100966
1552637003.501411,0,0,0.003783,0.006388,0.100792
1552637003.521244,0,0,0.003931,0.006561,0.100867
1552637003.565570,0,0,0.003807,0.006363,0.100892
1552637003.601399,0,0,0.003733,0.006536,0.100892
1552637003.619969,0,0,0.003931,0.006412,0.100892
1552637003.638335,0,0,0.003807,0.006363,0.101066
1552637003.656425,0,0,0.003832,0.006561,0.101041
1552637003.674341,0,0,0.003832,0.006412,0.100991
1552637003.692551,0,0,0.003807,0.006635,0.100991
1552637003.710793,0,0,0.003733,0.006412,0.100817
1552637003.752673,0,0,0.003708,0.006437,0.100917
1552637003.787971,0,0,0.003881,0.006734,0.100941
1552637003.806482,0,0,0.003832,0.006487,0.100618
1552637003.824435,0,0,0.003980,0.006412,0.101016
1552637003.842778,0,0,0.003832,0.006388,0.100718
1552637003.860832,0,0,0.003857,0.000025,0.100792
1552637003.878628,0,0,0.003807,0.006487,0.101041
1552637003.900265,0,0,0.003807,0.006363,0.100767
1552637003.955851,0,0,0.003609,0.006437,0.101090
1552637003.991789,0,0,0.003906,0.006511,0.100718
1552637004.010742,0,0,0.003733,0.006289,0.100743
1552637004.031537,0,0,0.003783,0.006511,0.100792
1552637004.050042,0,0,0.003832,0.006635,0.100966
1552637004.068160,0,0,0.003609,0.005546,0.100892
1552637004.086375,0,0,0.004524,0.007378,0.101389
1552637004.112475,0,0,0.003684,0.005967,0.100270
1552637004.155442,0,0,0.004055,0.006660,0.100121
1552637004.173918,0,0,0.003807,0.005868,0.100345
1552637004.191887,0,0,0.003684,0.006363,0.101911
1552637004.209890,0,0,0.003684,0.006635,0.100221
1552637004.227904,0,0,0.003881,0.006610,0.100643
1552637004.245825,0,0,0.003609,0.006338,0.101264
1552637004.275232,0,0,0.003832,0.006363,0.100469
1552637004.315488,0,0,0.003807,0.006338,0.100817
1552637004.334048,0,0,0.003733,0.005991,0.100941
1552637004.352256,0,0,0.004203,0.006734,0.100320
1552637004.370270,0,0,0.003684,0.006066,0.101215
1552637004.388246,0,0,0.003758,0.007427,0.101314
1552637004.406540,0,0,0.004079,0.005769,0.100867
1552637004.449275,0,0,0.004079,0.000322,0.101538
1552637004.467582,0,0,0.003906,0.006264,0.098730
1552637004.497710,0,0,0.003560,0.006338,0.095524
1552637004.515742,0,0,0.003832,0.006313,0.100544
1552637004.533748,0,0,0.004005,0.006412,0.101165
1552637004.551732,0,0,0.003733,0.006610,0.101090
1552637004.569419,0,0,0.003857,0.006437,0.100693
1552637004.594579,0,0,0.003783,0.006511,0.101140
1552637004.645317,0,0,0.003931,0.006412,0.101066
1552637004.663828,0,0,0.003906,0.006437,0.100867
1552637004.681954,0,0,0.003857,0.006511,0.100842
1552637004.699981,0,0,0.003807,0.006536,0.100693
1552637004.718026,0,0,0.003931,0.006363,0.100966
1552637004.736134,0,0,0.003783,0.006462,0.101066
1552637004.760470,0,0,0.003857,0.006561,0.101016
1552637004.805166,0,0,0.003807,0.006462,0.100917
1552637004.823571,0,0,0.003684,0.006363,0.100817
1552637004.841699,0,0,0.003931,0.006388,0.100792
1552637004.859684,0,0,0.003733,0.006338,0.100767
1552637004.877828,0,0,0.003733,0.006437,0.100892
1552637004.895907,0,0,0.003708,0.006487,0.100892
1552637004.917292,0,0,0.003783,0.006511,0.100842
1552637004.955680,0,0,0.003832,0.006487,0.100966
1552637004.974132,0,0,0.003783,0.006239,0.100941
1552637004.992147,0,0,0.003807,0.006412,0.100743
1552637005.010239,0,0,0.003857,0.006388,0.101066
1552637005.031435,0,0,0.003783,0.006561,0.100966
1552637005.049878,0,0,0.003733,0.006338,0.100767
1552637005.068666,0,0,0.003783,0.006388,0.100917
1552637005.093378,0,0,0.003881,0.006437,0.100892
1552637005.135815,0,0,0.003733,0.006412,0.100966
1552637005.153928,0,0,0.003783,0.006462,0.101016
1552637005.172162,0,0,0.003807,0.006412,0.100867
1552637005.190172,0,0,0.003956,0.006437,0.100892
1552637005.209391,0,0,0.003758,0.006487,0.100941
1552637005.227548,0,0,0.003807,0.006363,0.100867
1552637005.251397,0,0,0.003708,0.006511,0.100817
1552637005.295466,0,0,0.003733,0.006363,0.100817
1552637005.315301,0,0,0.003857,0.006437,0.101016
1552637005.333448,0,0,0.003906,0.006437,0.100718
1552637005.351411,0,0,0.003832,0.006511,0.100966
1552637005.371298,0,0,0.003783,0.006462,0.100966
1552637005.389405,0,0,0.003783,0.006586,0.100743
1552637005.410708,0,0,0.003906,0.006363,0.101016
1552637005.455117,0,0,0.003659,0.006363,0.100892
1552637005.491201,0,0,0.003881,0.006363,0.100917
1552637005.509243,0,0,0.003906,0.006412,0.100991
1552637005.527452,0,0,0.003733,0.006586,0.100817
1552637005.545487,0,0,0.003733,0.006363,0.100941
1552637005.565034,0,0,0.003758,0.006462,0.100792
1552637005.583260,0,0,0.003783,0.006412,0.100991
1552637005.627763,0,0,0.003807,0.006462,0.100917
1552637005.665451,0,0,0.003931,0.006462,0.100892
1552637005.684105,0,0,0.003758,0.006487,0.100991
1552637005.701855,0,0,0.003832,0.006462,0.100792
1552637005.721311,0,0,0.003857,0.006437,0.100917
1552637005.739907,0,0,0.003807,0.006536,0.100842
1552637005.757740,0,0,0.003783,0.006412,0.100743
1552637005.775909,0,0,0.003807,0.006536,0.100842
1552637005.830086,0,0,0.003906,0.006437,0.100767
1552637005.865962,0,0,0.003906,0.006487,0.100966
1552637005.884463,0,0,0.003857,0.006388,0.100767
1552637005.902401,0,0,0.003881,0.006412,0.100817
1552637005.920468,0,0,0.003906,0.006462,0.101041
1552637005.938844,0,0,0.003758,0.006388,0.100693
1552637005.956761,0,0,0.003832,0.006511,0.100718
1552637005.978117,0,0,0.003807,0.006511,0.101016
1552637006.017694,0,0,0.003783,0.006462,0.100792
1552637006.036923,0,0,0.003733,0.006462,0.100718
1552637006.055188,0,0,0.003832,0.006462,0.100917
1552637006.073396,0,0,0.003881,0.006462,0.101066
1552637006.091925,0,0,0.003783,0.006586,0.100668
1552637006.110036,0,0,0.003857,0.006487,0.100941
1552637006.128109,0,0,0.003857,0.006536,0.100941
1552637006.178295,0,0,0.003980,0.006511,0.101090
1552637006.214920,0,0,0.003906,0.006363,0.100867
1552637006.233049,0,0,0.003758,0.006437,0.100892
1552637006.251004,0,0,0.003857,0.006437,0.100966
1552637006.269816,0,0,0.003906,0.006536,0.100941
1552637006.287759,0,0,0.003931,0.006239,0.100767
1552637006.305707,0,0,0.003881,0.006660,0.101016
1552637006.331477,0,0,0.003733,0.006338,0.100792
1552637006.375450,0,0,0.003733,0.006487,0.100817
1552637006.393557,0,0,0.003733,0.006388,0.100966
1552637006.411755,0,0,0.003906,0.006437,0.100867
1552637006.429768,0,0,0.003733,0.006388,0.100693
1552637006.447716,0,0,0.003906,0.006561,0.100792
1552637006.465894,0,0,0.003807,0.006610,0.101016
1552637006.501232,0,0,0.003733,0.006610,0.100668
1552637006.520601,0,0,0.003733,0.006586,0.100867
1552637006.565711,0,0,0.003585,0.005793,0.101090
1552637006.583761,0,0,0.004500,0.006784,0.100469
1552637006.601642,0,0,0.003338,0.005868,0.100767
1552637006.620151,0,0,0.003956,0.006734,0.101339
1552637006.638213,0,0,0.003684,0.006487,0.100643
1552637006.656177,0,0,0.003634,0.000099,0.100966
1552637006.685916,0,0,0.003906,0.006561,0.101240
1552637006.735499,0,0,0.003758,0.006610,0.100569
1552637006.753579,0,0,0.003956,0.006239,0.101761
1552637006.770872,0,0,0.003708,0.006660,0.100246
1552637006.788375,0,0,0.003857,0.006586,0.100892
1552637006.805654,0,0,0.003708,0.006388,0.101563
1552637006.822912,0,0,0.003881,0.006412,0.100519
1552637006.841862,0,0,0.003906,0.006586,0.100693
1552637006.859242,0,0,0.003535,0.006487,0.100718
1552637006.886940,0,0,0.003807,0.006313,0.100867
1552637006.904235,0,0,0.003857,0.006437,0.100991
1552637006.921532,0,0,0.003956,0.006536,0.100917
1552637006.938791,0,0,0.003881,0.006586,0.101066
1552637006.956056,0,0,0.003659,0.006338,0.100817
1552637006.973804,0,0,0.003906,0.006808,0.100395
1552637007.010665,0,0,0.003733,0.006165,0.101289
1552637007.046151,0,0,0.003758,0.006511,0.100941
1552637007.064029,0,0,0.003906,0.006561,0.100444
1552637007.081356,0,0,0.003634,0.006487,0.100991
1552637007.098633,0,0,0.003758,0.006437,0.100892
1552637007.116262,0,0,0.003832,0.006388,0.100593
1552637007.133555,0,0,0.003956,0.006462,0.101115
1552637007.152355,0,0,0.003906,0.006412,0.101016
1552637007.170078,0,0,0.003684,0.006685,0.101016
1552637007.196999,0,0,0.004129,0.006536,0.100917
1552637007.214301,0,0,0.003733,0.006412,0.100693
1552637007.231649,0,0,0.004005,0.006610,0.100917
1552637007.248931,0,0,0.003783,0.006264,0.100817
1552637007.266217,0,0,0.003906,0.006264,0.100817
1552637007.284943,0,0,0.003634,0.006833,0.100395
1552637007.320306,0,0,0.003684,0.006214,0.095524
1552637007.337862,0,0,0.003857,0.005645,0.100743
1552637007.355340,0,0,0.004005,0.007031,0.100917
1552637007.372936,0,0,0.003239,0.006264,0.101612
1552637007.390218,0,0,0.003807,0.007130,0.099898
1552637007.407491,0,0,0.003758,0.006016,0.101587
1552637007.425041,0,0,0.004005,0.006660,0.101438
1552637007.442913,0,0,0.004228,0.005967,0.100494
1552637007.470883,0,0,0.003659,0.006957,0.100420
1552637007.489021,0,0,0.003758,0.006709,0.101115
1552637007.517611,0,0,0.004079,0.006511,0.100792
1552637007.535506,0,0,0.003461,0.006660,0.101339
1552637007.553345,0,0,0.003956,0.006115,0.101414
1552637007.571168,0,0,0.003758,0.006586,0.100221
1552637007.589060,0,0,0.003560,0.006388,0.100867
1552637007.610762,0,0,0.003659,0.006264,0.100593
1552637007.649099,0,0,0.003684,0.006511,0.101140
1552637007.684572,0,0,0.003881,0.006363,0.100569
1552637007.702981,0,0,0.003783,0.006709,0.101215
1552637007.721075,0,0,0.003362,0.006437,0.100395
1552637007.738994,0,0,0.004450,0.012602,0.101364
1552637007.757460,0,0,0.003783,0.006536,0.101264
1552637007.775500,0,0,0.003783,0.006214,0.100096
1552637007.824073,0,0,0.003684,0.006165,0.100022
1552637007.860374,0,0,0.003832,0.006932,0.106905
1552637007.879503,0,0,0.004079,0.006165,0.100345
1552637007.897319,0,0,0.003931,0.006437,0.100792
1552637007.915560,0,0,0.003511,0.006388,0.101090
1552637007.933362,0,0,0.003931,0.006561,0.100593
1552637007.951743,0,0,0.003758,0.006412,0.100842
1552637007.969735,0,0,0.003956,0.006487,0.101016
1552637008.005108,0,0,0.003609,0.006363,0.100817
1552637008.040811,0,0,0.003758,0.006511,0.100991
1552637008.058611,0,0,0.003980,0.006412,0.100792
1552637008.075953,0,0,0.003684,0.006586,0.100917
1552637008.093241,0,0,0.003684,0.006412,0.100917
1552637008.110518,0,0,0.003783,0.006487,0.100668
1552637008.128080,0,0,0.003857,0.000223,0.100792
1552637008.147231,0,0,0.003783,0.000099,0.100917
1552637008.182709,0,0,0.003758,0.006586,0.100842
1552637008.200174,0,0,0.003857,0.006264,0.101115
1552637008.217478,0,0,0.003684,0.006363,0.100941
1552637008.234786,0,0,0.003807,0.006561,0.100892
1552637008.252061,0,0,0.003783,0.006709,0.100693
1552637008.269369,0,0,0.003733,0.006264,0.100941
1552637008.288468,0,0,0.003807,0.006412,0.100917
1552637008.323633,0,0,0.003931,0.006412,0.100842
1552637008.341270,0,0,0.003906,0.006561,0.100842
1552637008.358625,0,0,0.003906,0.006487,0.100718
1552637008.375911,0,0,0.003832,0.006610,0.100718
1552637008.393229,0,0,0.003881,0.006511,0.100941
1552637008.410582,0,0,0.003758,0.006511,0.101041
1552637008.437524,0,0,0.003857,0.006536,0.100941
1552637008.466887,0,0,0.003857,0.006487,0.100892
1552637008.484317,0,0,0.003807,0.006313,0.100743
1552637008.501832,0,0,0.003956,0.006536,0.100892
1552637008.519097,0,0,0.003807,0.006487,0.100817
1552637008.536335,0,0,0.003931,0.006487,0.100817
1552637008.553865,0,0,0.003931,0.006388,0.100817
1552637008.580417,0,0,0.003807,0.006487,0.100792
1552637008.615622,0,0,0.003609,0.006437,0.100991
1552637008.633060,0,0,0.003931,0.006437,0.101190
1552637008.650344,0,0,0.003832,0.006437,0.100966
1552637008.667978,0,0,0.003758,0.006487,0.100867
1552637008.685809,0,0,0.003758,0.006363,0.100792
1552637008.703612,0,0,0.003783,0.006462,0.100842
1552637008.731488,0,0,0.003832,0.006487,0.100792
1552637008.767225,0,0,0.003758,0.006437,0.101041
1552637008.785259,0,0,0.003857,0.006412,0.100941
1552637008.803143,0,0,0.003684,0.012552,0.101066
1552637008.821672,0,0,0.004302,0.001139,0.100643
1552637008.839658,0,0,0.003164,0.007328,0.101165
1552637008.857620,0,0,0.003931,0.006487,0.100892
1552637008.881539,0,0,0.004326,0.006511,0.100668
1552637008.925395,0,0,0.003535,0.000025,0.100171
1552637008.943319,0,0,0.004005,0.007502,0.101438
1552637008.964989,0,0,0.002645,0.004630,0.100544
1552637008.982955,0,0,0.005192,0.007923,0.101140
1552637009.000937,0,0,0.002818,0.005843,0.101215
1552637009.019510,0,0,0.004450,0.007081,0.100544
1552637009.044677,0,0,0.003214,0.006289,0.100693
1552637009.083199,0,0,0.003733,0.011611,0.101389
1552637009.101381,0,0,0.003783,0.005967,0.101115
1552637009.119512,0,0,0.004302,0.006957,0.100693
1552637009.137518,0,0,0.003436,0.006165,0.100792
1552637009.155492,0,0,0.004005,0.006586,0.101339
1552637009.173492,0,0,0.003881,0.006363,0.100395
1552637009.191207,0,0,0.004055,0.006462,0.101165
1552637009.216455,0,0,0.003585,0.006041,0.101264
1552637009.265663,0,0,0.003832,0.006462,0.101066
1552637009.283620,0,0,0.003783,0.006412,0.100966
1552637009.301574,0,0,0.003807,0.006511,0.100593
1552637009.319536,0,0,0.003733,0.006412,0.100842
1552637009.337751,0,0,0.003857,0.006338,0.101090
1552637009.355705,0,0,0.003931,0.006363,0.100767
1552637009.377793,0,0,0.003733,0.006462,0.100767
1552637009.415846,0,0,0.003758,0.006462,0.100892
1552637009.434098,0,0,0.003783,0.006363,0.100991
1552637009.452268,0,0,0.003659,0.006487,0.101115
1552637009.470250,0,0,0.003783,0.006511,0.100767
1552637009.488369,0,0,0.003980,0.006610,0.100792
1552637009.506295,0,0,0.003881,0.006561,0.100718
1552637009.524258,0,0,0.003980,0.006511,0.100842
1552637009.546048,0,0,0.003832,0.006437,0.100867
1552637009.584317,0,0,0.003807,0.006536,0.100991
1552637009.602639,0,0,0.003832,0.006610,0.100842
1552637009.621458,0,0,0.003733,0.006487,0.100941
1552637009.639650,0,0,0.003832,0.006363,0.100867
1552637009.657612,0,0,0.003684,0.006388,0.100817
1552637009.675895,0,0,0.003733,0.006338,0.100767
1552637009.693964,0,0,0.003659,0.006536,0.100817
1552637009.718361,0,0,0.003906,0.006586,0.100817
1552637009.765244,0,0,0.003807,0.000099,0.100966
1552637009.783588,0,0,0.004005,0.006561,0.100991
1552637009.801565,0,0,0.003783,0.006338,0.100668
1552637009.819270,0,0,0.003832,0.006511,0.100991
1552637009.837278,0,0,0.003857,0.006363,0.100892
1552637009.855204,0,0,0.003708,0.006388,0.101140
1552637009.883490,0,0,0.003066,0.007427,0.099699
1552637009.925310,0,0,0.002398,0.011512,0.098779
1552637009.961447,0,0,0.002373,0.006115,0.095524
1552637009.979760,0,0,0.003585,0.006016,0.100171
1552637009.997922,0,0,0.003980,0.000594,0.100718
1552637010.016452,0,0,0.003436,0.012528,0.101264
1552637010.037714,0,0,0.003980,0.006338,0.100345
1552637010.055847,0,0,0.003585,0.006660,0.100892
1552637010.078113,0,0,0.004030,0.012676,0.101041
1552637010.125571,0,0,0.003931,0.006536,0.100817
1552637010.143747,0,0,0.003857,0.006511,0.100544
1552637010.161783,0,0,0.003857,0.006462,0.100668
1552637010.179738,0,0,0.003807,0.006363,0.101016
1552637010.197699,0,0,0.003684,0.006462,0.101041
1552637010.215618,0,0,0.003857,0.006338,0.100867
1552637010.234333,0,0,0.003980,0.006511,0.101215
1552637010.272336,0,0,0.003758,0.006610,0.100966
1552637010.307972,0,0,0.003387,0.006511,0.100767
1552637010.326083,0,0,0.004252,0.006734,0.101140
1552637010.344088,0,0,0.003066,0.006586,0.100842
1552637010.362121,0,0,0.004302,0.006511,0.100792
1552637010.380099,0,0,0.003511,0.006363,0.100743
1552637010.398427,0,0,0.003684,0.006140,0.100991
1552637010.421803,0,0,0.003535,0.006313,0.100817
1552637010.465190,0,0,0.003832,0.006685,0.100817
1552637010.501084,0,0,0.003956,0.006363,0.100743
1552637010.519252,0,0,0.003857,0.006437,0.100817
1552637010.537111,0,0,0.003906,0.006462,0.100792
1552637010.555208,0,0,0.003857,0.006214,0.100917
1552637010.573766,0,0,0.003980,0.006214,0.100072
1552637010.592026,0,0,0.004203,0.007007,0.101240
1552637010.637666,0,0,0.003115,0.006635,0.099724
1552637010.673330,0,0,0.003708,0.012181,0.100295
1552637010.691713,0,0,0.002893,0.005001,0.099898
1552637010.709960,0,0,0.004574,0.007007,0.101389
1552637010.727960,0,0,0.002991,0.006189,0.100718
1552637010.745929,0,0,0.004277,0.006784,0.100544
1552637010.763903,0,0,0.003288,0.006759,0.101140
1552637010.784954,0,0,0.004326,0.006140,0.101140
1552637010.821445,0,0,0.003659,0.006437,0.100494
1552637010.839708,0,0,0.004178,0.006041,0.101165
1552637010.868090,0,0,0.004524,0.005422,0.100792
1552637010.886115,0,0,0.004771,0.006189,0.100618
1552637010.904219,0,0,0.002991,0.008220,0.101389
1552637010.922435,0,0,0.003783,0.005397,0.100718
1552637010.940412,0,0,0.004129,0.006239,0.101165
1552637010.965073,0,0,0.003362,0.006660,0.101264
1552637011.015584,0,0,0.003585,0.006388,0.101637
1552637011.037672,0,0,0.003362,0.006511,0.100643
1552637011.055864,0,0,0.004129,0.006239,0.100693
1552637011.073723,0,0,0.003511,0.006610,0.100469
1552637011.091748,0,0,0.003758,0.006140,0.100767
1552637011.109915,0,0,0.003609,0.006363,0.100966
1552637011.128873,0,0,0.003881,0.006536,0.101314
1552637011.179556,0,0,0.004079,0.000099,0.100941
1552637011.215420,0,0,0.003931,0.006313,0.100569
1552637011.233383,0,0,0.003931,0.006858,0.101165
1552637011.251640,0,0,0.003585,0.003540,0.101165
1552637011.269593,0,0,0.004450,0.008195,0.102084
1552637011.294367,0,0,0.003511,0.004506,0.097636
1552637011.324741,0,0,0.004129,0.007724,0.097562
1552637011.357950,0,0,0.002967,0.005372,0.099848
1552637011.376093,0,0,0.004969,0.007502,0.099425
1552637011.393960,0,0,0.003461,0.006784,0.101737
1552637011.412258,0,0,0.003881,0.006090,0.100469
1552637011.430139,0,0,0.003634,0.006388,0.101314
1552637011.447972,0,0,0.003585,0.006487,0.100817
1552637011.471398,0,0,0.004203,0.007056,0.100842
1552637011.515141,0,0,0.003684,0.006685,0.100718
1552637011.550715,0,0,0.003535,0.006808,0.100444
1552637011.568822,0,0,0.003733,0.006363,0.100966
1552637011.586663,0,0,0.003634,0.006561,0.101314
1552637011.604463,0,0,0.004055,0.006462,0.100593
1552637011.622734,0,0,0.003906,0.006487,0.100966
1552637011.640577,0,0,0.003585,0.006437,0.101016
1552637011.705474,0,0,0.003906,0.006635,0.100370
1552637011.741155,0,0,0.004055,0.006388,0.101190
1552637011.759439,0,0,0.003684,0.006586,0.100395
1552637011.777344,0,0,0.003659,0.006586,0.100693
1552637011.795161,0,0,0.003832,0.006734,0.100917
1552637011.813409,0,0,0.003758,0.006412,0.100892
1552637011.831272,0,0,0.003906,0.006462,0.101190
1552637011.860253,0,0,0.004030,0.006610,0.100693
1552637011.905253,0,0,0.003783,0.006487,0.100593
1552637011.923491,0,0,0.003906,0.006462,0.100892
1552637011.941376,0,0,0.003733,0.006388,0.100917
1552637011.959208,0,0,0.003708,0.006412,0.101066
1552637011.977342,0,0,0.003609,0.006388,0.100792
1552637011.995147,0,0,0.003684,0.006561,0.100892
1552637012.040440,0,0,0.003857,0.006487,0.100892
1552637012.058607,0,0,0.003758,0.006363,0.100966
1552637012.087554,0,0,0.003659,0.006561,0.100867
1552637012.105350,0,0,0.003684,0.006511,0.100792
1552637012.123323,0,0,0.003832,0.006660,0.100767
1552637012.141042,0,0,0.003857,0.006437,0.100767
1552637012.159088,0,0,0.003758,0.006462,0.100941
1552637012.181053,0,0,0.003708,0.006437,0.100842
1552637012.235781,0,0,0.003906,0.006363,0.100991
1552637012.271510,0,0,0.003783,0.006511,0.100867
1552637012.290106,0,0,0.003733,0.006412,0.100941
1552637012.307979,0,0,0.003708,0.006388,0.100817
1552637012.326169,0,0,0.003881,0.006437,0.100966
1552637012.344268,0,0,0.003783,0.000173,0.100917
1552637012.362286,0,0,0.003758,0.006388,0.100817
1552637012.383886,0,0,0.003783,0.006412,0.100892
1552637012.420136,0,0,0.003857,0.006388,0.100718
1552637012.456015,0,0,0.003783,0.006536,0.100743
1552637012.474291,0,0,0.003807,0.000173,0.100767
1552637012.492241,0,0,0.003832,0.006511,0.100892
1552637012.510150,0,0,0.003832,0.006289,0.100792
1552637012.528196,0,0,0.003881,0.006363,0.100842
1552637012.546162,0,0,0.003684,0.006487,0.100867
1552637012.567651,0,0,0.003708,0.006437,0.100867
1552637012.606838,0,0,0.003881,0.006412,0.100966
1552637012.625371,0,0,0.003758,0.006511,0.100941
1552637012.645633,0,0,0.003708,0.006511,0.100693
1552637012.664522,0,0,0.003733,0.006437,0.100867
1552637012.682536,0,0,0.003906,0.006511,0.100767
1552637012.700584,0,0,0.003758,0.006462,0.100966
1552637012.718911,0,0,0.003783,0.006437,0.101041
1552637012.767426,0,0,0.003659,0.006388,0.100991
1552637012.785525,0,0,0.003708,0.006511,0.100842
1552637012.803478,0,0,0.003783,0.006412,0.100743
1552637012.821820,0,0,0.003783,0.006487,0.101041
1552637012.840044,0,0,0.003758,0.006561,0.100966
1552637012.858041,0,0,0.003906,0.006511,0.100991
1552637012.907652,0,0,0.003659,0.012676,0.101016
1552637012.937699,0,0,0.003832,0.006487,0.100867
1552637012.955668,0,0,0.003783,0.006487,0.100817
1552637012.973496,0,0,0.003832,0.006511,0.100941
1552637012.991732,0,0,0.003857,0.006511,0.100743
1552637013.010039,0,0,0.003807,0.006412,0.100966
1552637013.030734,0,0,0.003906,0.006412,0.101041
1552637013.078469,0,0,0.003733,0.006561,0.100817
1552637013.107765,0,0,0.003832,0.006487,0.100941
1552637013.125849,0,0,0.003758,0.006239,0.101090
1552637013.143872,0,0,0.003857,0.006561,0.100892
1552637013.162244,0,0,0.003832,0.006511,0.100966
1552637013.180202,0,0,0.003783,0.006437,0.100743
1552637013.198101,0,0,0.003733,0.006511,0.100743
1552637013.242114,0,0,0.003857,0.006462,0.100966
1552637013.277745,0,0,0.003783,0.006338,0.101041
1552637013.295765,0,0,0.004055,0.006511,0.100817
1552637013.313764,0,0,0.003609,0.000149,0.100668
1552637013.331985,0,0,0.003931,0.006536,0.100941
1552637013.350060,0,0,0.003684,0.006363,0.100767
1552637013.368055,0,0,0.003733,0.006338,0.100842
1552637013.409918,0,0,0.003807,0.006635,0.100867
1552637013.445761,0,0,0.003832,0.006388,0.101066
1552637013.463872,0,0,0.003684,0.006388,0.100966
1552637013.481843,0,0,0.003758,0.006462,0.100867
1552637013.500131,0,0,0.004030,0.006660,0.101016
1552637013.518107,0,0,0.003906,0.006437,0.100792
1552637013.536053,0,0,0.003906,0.006610,0.100867
1552637013.560447,0,0,0.003733,0.006487,0.100743
1552637013.605465,0,0,0.003807,0.006685,0.100892
1552637013.641206,0,0,0.003807,0.006289,0.101041
1552637013.659696,0,0,0.003066,0.004853,0.100743
1552637013.677702,0,0,0.004648,0.007378,0.101215
1552637013.695606,0,0,0.003338,0.006214,0.101041
1552637013.714124,0,0,0.004252,0.006289,0.100246
1552637013.732106,0,0,0.003263,0.007774,0.101364
1552637013.760374,0,0,0.003115,0.005793,0.100072
1552637013.805185,0,0,0.003066,0.006759,0.100792
1552637013.823507,0,0,0.003560,0.006090,0.101240
1552637013.841383,0,0,0.004079,0.007155,0.101786
1552637013.859464,0,0,0.003461,0.012255,0.100370
1552637013.877984,0,0,0.004079,0.006388,0.101115
1552637013.896016,0,0,0.003857,0.006338,0.101289
1552637013.945422,0,0,0.004005,0.005967,0.100519
1552637013.963964,0,0,0.004450,0.007452,0.100345
1552637013.981955,0,0,0.003362,0.006734,0.101364
1552637014.000346,0,0,0.004030,0.006759,0.100792
1552637014.018838,0,0,0.003807,0.006660,0.100569
1552637014.038084,0,0,0.004475,0.006066,0.107576
1552637014.085663,0,0,0.003164,0.005719,0.100096
1552637014.117877,0,0,0.004673,0.006635,0.100444
1552637014.136970,0,0,0.003016,0.012181,0.101016
1552637014.154814,0,0,0.004450,0.006437,0.101587
1552637014.172724,0,0,0.003115,0.006734,0.100544
1552637014.190704,0,0,0.004104,0.006412,0.100842
1552637014.208616,0,0,0.003931,0.006561,0.101687
1552637014.230923,0,0,0.004326,0.006338,0.100444
1552637014.285810,0,0,0.003412,0.006734,0.100743
1552637014.321562,0,0,0.003708,0.006289,0.101140
1552637014.339902,0,0,0.003783,0.006289,0.100718
1552637014.357896,0,0,0.003931,0.006561,0.100817
1552637014.375782,0,0,0.003758,0.006412,0.100718
1552637014.393810,0,0,0.003832,0.006412,0.100917
1552637014.411711,0,0,0.003881,0.006313,0.100743
1552637014.433542,0,0,0.004129,0.006487,0.100917
1552637014.469671,0,0,0.003881,0.006363,0.100842
1552637014.505621,0,0,0.003560,0.005793,0.100519
1552637014.524056,0,0,0.004648,0.006982,0.101215
1552637014.541963,0,0,0.003239,0.006808,0.100792
1552637014.560025,0,0,0.004277,0.006412,0.100643
1552637014.577935,0,0,0.003857,0.006536,0.101066
1552637014.595830,0,0,0.003486,0.006635,0.100643
1552637014.614693,0,0,0.004005,0.007353,0.100569
1552637014.653816,0,0,0.003511,0.005571,0.100743
1552637014.689598,0,0,0.002818,0.005125,0.100420
1552637014.708081,0,0,0.002917,0.006140,0.101165
1552637014.726054,0,0,0.004475,0.006462,0.100221
1552637014.744028,0,0,0.003362,0.006239,0.101165
1552637014.762001,0,0,0.004623,0.006586,0.101165
1552637014.779943,0,0,0.002769,0.006660,0.100246
1552637014.801632,0,0,0.004030,0.006907,0.101314
1552637014.837701,0,0,0.004030,0.000149,0.100792
1552637014.873425,0,0,0.003486,0.000248,0.100420
1552637014.891828,0,0,0.003758,0.006536,0.101090
1552637014.909755,0,0,0.003807,0.006313,0.100867
1552637014.927627,0,0,0.004104,0.006685,0.100867
1552637014.945664,0,0,0.003609,0.006536,0.100792
1552637014.963738,0,0,0.003980,0.006536,0.100693
1552637014.985483,0,0,0.003807,0.006536,0.100817
1552637015.026095,0,0,0.003980,0.006388,0.100917
1552637015.062943,0,0,0.003807,0.006536,0.100892
1552637015.081152,0,0,0.004030,0.006511,0.100867
1552637015.099106,0,0,0.003906,0.006388,0.100693
1552637015.117036,0,0,0.003684,0.006635,0.100743
1552637015.135026,0,0,0.003708,0.006388,0.101165
1552637015.152883,0,0,0.003832,0.006437,0.101041
1552637015.171901,0,0,0.003659,0.006264,0.100817
1552637015.192667,0,0,0.003783,0.006610,0.100966
1552637015.235591,0,0,0.003832,0.006561,0.101041
1552637015.253696,0,0,0.003609,0.000124,0.100892
1552637015.271628,0,0,0.003881,0.006610,0.100867
1552637015.289526,0,0,0.003684,0.006487,0.100842
1552637015.307489,0,0,0.003956,0.006388,0.100917
1552637015.325490,0,0,0.003807,0.006289,0.101016
1552637015.345236,0,0,0.003807,0.006412,0.100817
1552637015.382917,0,0,0.003807,0.006511,0.100569
1552637015.418934,0,0,0.003807,0.012651,0.101215
1552637015.437114,0,0,0.003708,0.006239,0.100519
1552637015.455184,0,0,0.003881,0.006511,0.101488
1552637015.473156,0,0,0.004030,0.006239,0.100941
1552637015.491150,0,0,0.003931,0.006536,0.100743
1552637015.509098,0,0,0.003684,0.005942,0.100593
1552637015.528251,0,0,0.003486,0.006833,0.101066
1552637015.585828,0,0,0.003214,0.006536,0.101115
1552637015.621558,0,0,0.004500,0.006858,0.100767
1552637015.640025,0,0,0.004055,0.006511,0.100345
1552637015.657787,0,0,0.003535,0.006239,0.101463
1552637015.675510,0,0,0.004079,0.006660,0.100569
1552637015.693381,0,0,0.004079,0.006140,0.100668
1552637015.711383,0,0,0.003560,0.006660,0.101513
1552637015.733502,0,0,0.003634,0.000223,0.101066
1552637015.785671,0,0,0.003708,0.006437,0.101190
1552637015.803780,0,0,0.004055,0.006437,0.100047
1552637015.821963,0,0,0.002967,0.005645,0.101140
1552637015.839993,0,0,0.004747,0.007180,0.101240
1552637015.857902,0,0,0.003313,0.006388,0.100842
1552637015.875779,0,0,0.004524,0.006685,0.101215
1552637015.893715,0,0,0.003412,0.005620,0.100643
1552637015.915457,0,0,0.004673,0.006511,0.100991
1552637015.951826,0,0,0.003783,0.006289,0.101215
1552637015.970689,0,0,0.003857,0.007923,0.099724
1552637015.998487,0,0,0.002942,0.006412,0.101662
1552637016.032670,0,0,0.004203,0.006239,0.102631
1552637016.052548,0,0,0.003783,0.006066,0.100544
1552637016.071850,0,0,0.004450,0.005719,0.100420
1552637016.174321,0,0,0.003263,0.006635,0.100469
1552637016.203901,0,0,0.003980,0.006264,0.101090
1552637016.224988,0,0,0.003980,0.006536,0.100867
1552637016.251349,0,0,0.003857,0.006462,0.100643
1552637016.287630,0,0,0.003807,0.006388,0.100867
1552637016.354471,0,0,0.003733,0.006462,0.100991
